SERIES,SYMBOL,SECURITY,RECORD_DT,BC_STRT_DT,BC_END_DT,EX_DT,ND_STRT_DT,ND_END_DT,PURPOSE
16,SRTRANSFIN,Sec Red NCD 9.3 Sr.IV,07/08/2021, , ,05/08/2021, , ,INTEREST PAYMENT         
17,SRTRANSFIN,Sec Red NCD 9.5% Sr.V,07/08/2021, , ,05/08/2021, , ,INTEREST PAYMENT         
18,SRTRANSFIN,Sec Red NCD 9.6% Sr.VI,07/08/2021, , ,05/08/2021, , ,INTEREST PAYMENT         
19,SRTRANSFIN,Sec Red NCD 9.7% Sr.VII,07/08/2021, , ,05/08/2021, , ,INTEREST PAYMENT         
BE,LTI,L&T Infotech Limited,02/07/2021, , ,01/07/2021, , ,DIV - RS 25 PER SH       
BE,PDMJEPAPER,Pudumjee Paper Pro. Ltd, ,14/08/2021,21/08/2021,12/08/2021, , ,AGM/DIV - RE 0.30 PER SH 
BE,LSIL,Lloyds Steels Ind. Ltd., ,09/07/2021,15/07/2021,07/07/2021, , ,ANNUAL GENERAL MEETING   
BE,BALKRISHNA,Balkrshna Paper Mills Ltd, ,17/07/2021,23/07/2021,15/07/2021, , ,ANNUAL GENERAL MEETING   
BE,CROMPTON,Crompt Grea Con Elec Ltd,09/07/2021, , ,08/07/2021, , ,AGM/DIV - RS 2.50 PER SH 
BE,KIRLFER,Kirloskar Ferrous Ind Ltd, ,18/07/2021,27/07/2021,15/07/2021, , ,AGM/DIV-RS 3 PER SH      
BE,GPTINFRA,GPT Infraprojects Ltd, ,13/08/2021,19/08/2021,11/08/2021, , ,AGM/DIV - RE 1 PER SH    
BE,LTTS,L&T Technology Ser. Ltd., ,10/07/2021,16/07/2021,08/07/2021, , ,AGM/DIV-RS 14.50 PER SH  
BE,SHANKARA,Shankara Bldg Product Ltd, ,27/07/2021,29/07/2021,23/07/2021, , ,ANNUAL GENERAL MEETING   
BE,GODREJAGRO,Godrej Agrovet Limited, ,06/08/2021,09/08/2021,04/08/2021, , ,AGM/DIV - RS 8 PER SH    
BE,TCPLPACK,TCPL Packaging Limited, ,21/08/2021,27/08/2021,18/08/2021, , ,AGM/DIV - RS 7.35 PER SH 
BE,LAURUSLABS,Laurus Labs Limited, ,09/07/2021,15/07/2021,07/07/2021, , ,ANNUAL GENERAL MEETING   
BE,TIINDIA,Tube Invest of India Ltd, ,06/08/2021,13/08/2021,04/08/2021, , ,AGM/DIV-RS 1.50 PER SH   
BE,GREENPANEL,Greenpanel Industries Ltd, ,01/07/2021,07/07/2021,29/06/2021, , ,ANNUAL GENERAL MEETING   
BE,MAHLOG,Mahindra Logistic Limited, ,21/07/2021,27/07/2021,19/07/2021, , ,DIV - RS 2.50  PER SH    
BE,IFGLEXPOR,IFGL Refractories Limited, ,31/07/2021,07/08/2021,29/07/2021, , ,AGM/DIV-RS 4/SPLDIV-RS 6 
BE,HITECHCORP,Hitech Corporation Ltd,22/07/2021, , ,20/07/2021, , ,DIV - RE 1 PER SH        
BE,BSE,BSE Limited,06/08/2021, , ,05/08/2021, , ,DIV - RS 21 PER SH       
BE,CHEMBOND,Chembond Chemicals Ltd, ,09/07/2021,16/07/2021,07/07/2021, , ,AGM/DIV-RS 2.25 PER SH   
BE,ENDURANCE,Endurance Techno. Ltd., ,14/08/2021,25/08/2021,12/08/2021, , ,AGM/DIV - RS 6 PER SH    
BE,SALASAR,Salasar Techno Engg. Ltd.,14/07/2021, , ,13/07/2021, , ,BONUS 1:1                
BE,TATASTLLP,Tata Steel Long Pro Ltd, ,24/07/2021,05/08/2021,22/07/2021, , ,AGM/DIV - RS 5 PER SH    
BE,GMMPFAUDLR,GMM Pfaudler Limited, ,07/08/2021,13/08/2021,05/08/2021, , ,AGM/DIV - RS 2 PER SH    
BE,HDFCAMC,HDFC AMC Limited, ,01/07/2021,16/07/2021,29/06/2021, , ,AGM/DIV - RS 34 PER SH   
BE,PRIVISCL,Privi Speciality Che Ltd, ,20/08/2021,27/08/2021,17/08/2021, , ,ANNUAL GENERAL MEETING   
BE,PRIVISCL,Privi Speciality Che Ltd,18/08/2021, , ,17/08/2021, , ,DIV - RS 2 PER SH        
BE,NEWGEN,Newgen Software Tech Ltd,16/07/2021, , ,15/07/2021, , ,AGM/DIV-RS 3.50 PER SH   
BE,DVL,Dhunseri Petrochem Limite, ,07/08/2021,13/08/2021,05/08/2021, , ,AGM/DIV - RS 2.50 PER SH 
BE,AMJLAND,AMJ Land Holdings Limited, ,14/08/2021,21/08/2021,12/08/2021, , ,AGM/DIV - RE 0.20 PER SH 
BE,3PLAND,3P Land Holdings Limited, ,20/08/2021,31/08/2021,17/08/2021, , ,ANNUAL GENERAL MEETING   
BE,FINEORG,Fine Organic Ind. Ltd., ,18/08/2021,24/08/2021,13/08/2021, , ,AGM/DIV RS 6/SPLDIV RS 5 
BE,SUNDARMHLD,Sundaram Finance Hold Ltd, ,01/07/2021,14/07/2021,29/06/2021, , ,AGM/DIV - RS 0.50 PER SH 
BE,BANDHANBNK,Bandhan Bank Limited, ,31/07/2021,06/08/2021,29/07/2021, , ,AGM/DIV - RE 1 PER SH    
BE,ORIENTELEC,Orient Electric Limited, ,23/07/2021,29/07/2021,20/07/2021, , ,AGM/DIV - RS 1.25 PER SH 
BE,ADANIGREEN,Adani Green Energy Ltd, ,06/07/2021,13/07/2021,02/07/2021, , ,ANNUAL GENERAL MEETING   
BE,MAHEPC,Mahindra EPC Irrig Ltd, ,16/07/2021,22/07/2021,14/07/2021, , ,AGM/DIV - RS 1.20 PER SH 
BE,SUVENPHAR,Suven Pharmaceuticals Ltd,17/08/2021, , ,13/08/2021, , ,AGM/DIV - RE 1 PER SH    
BE,ARTEMISMED,Artemis Med Services Ltd, ,14/07/2021,20/07/2021,12/07/2021, , ,ANNUAL GENERAL MEETING   
BE,HAPPSTMNDS,Happiest Minds Techno Ltd, ,01/07/2021,07/07/2021,29/06/2021, , ,AGM/DIV - RS 3 PER SH    
BE,CAMS,Computer Age Mngt Ser Ltd,29/07/2021, , ,28/07/2021, , ,DIV - RS 11.84 PER SH    
BE,KHAICHEM,Khaitan Chem & Fert Ltd, ,01/07/2021,07/07/2021,29/06/2021, , ,AGM/DIV - RE 0.15 PER SH 
BE,CHOLAHLDNG,Cholamandalam Fin Hol Ltd, ,29/07/2021,04/08/2021,27/07/2021, , ,AGM/DIV - RS 0.55 PER SH 
BE,BSOFT,BIRLASOFT LIMITED,16/07/2021, , ,15/07/2021, , ,DIV - RS 2.50 PER SH     
BE,OAL,Oriental Aromatics Limite, ,20/07/2021,27/07/2021,16/07/2021, , ,ANNUAL GENERAL MEETING   
BE,LXCHEM,Laxmi Organic Indus Ltd,15/07/2021, , ,14/07/2021, , ,DIV - RS 0.50 PER SH     
BE,SMCGLOBAL,SMC Global Securities Ltd, ,17/07/2021,21/07/2021,15/07/2021, , ,DIV - RE 0.80 PER SH     
BE,MTARTECH,MTAR Technologies Limited,23/07/2021, , ,22/07/2021, , ,AGM/DIV - RS 3 PER SH    
BE,GLAND,Gland Pharma Limited,10/08/2021, , ,09/08/2021, , ,ANNUAL GENERAL MEETING   
BE,ABBOTINDIA,Abbott India Limited, ,21/07/2021,27/07/2021,19/07/2021, , ,AGM/DIVRS120SPLDIVRS155  
BE,ADANIPOWER,Adani Power Limited, ,06/07/2021,13/07/2021,02/07/2021, , ,ANNUAL GENERAL MEETING   
BE,BAJAJHLDNG,Bajaj Holdings & Invs Ltd, ,10/07/2021,22/07/2021,08/07/2021, , ,AGM/DIV - RS 40 PER SH   
BE,BIRLAMONEY,Aditya Birla Money Ltd, ,24/07/2021,30/07/2021,22/07/2021, , ,ANNUAL GENERAL MEETING   
BE,VGUARD,V-Guard Industries Limite, ,30/07/2021,05/08/2021,28/07/2021, , ,AGM/DIV - RS 1.20 PER SH 
BE,UNITEDTEA,United Nilgiri Tea Ltd, ,07/08/2021,13/08/2021,05/08/2021, , ,AGM/DIV-RS 1.70 PER SH   
BE,COROMANDEL,Coromandel Internl Ltd., ,17/07/2021,26/07/2021,15/07/2021, , ,AGM/DIV - RS 6 PER SH    
BE,EIHAHOTELS,EIHAssociatedHot-RollSett, ,20/07/2021,22/07/2021,16/07/2021, , ,ANNUAL GENERAL MEETING   
BE,BAJAJFINSV,Bajaj Finserv Limited, ,10/07/2021,21/07/2021,08/07/2021, , ,AGM/DIV - RS 3  PER SH   
BE,BAJAJ-AUTO,Bajaj Auto Limited, ,10/07/2021,22/07/2021,08/07/2021, , ,AGM/DIV - RS 140 PER SH  
BE,SOLARINDS,Solar Industries (I) Ltd, ,21/08/2021,31/08/2021,18/08/2021, , ,AGM/DIV - RS 6 PER SH    
BE,MAYURUNIQ,Mayur Uniquoters Ltd, ,09/07/2021,10/07/2021,07/07/2021, , ,AGM/DIV - RS 2 PER SH    
BE,RBL,Rane Brake Lining Limited,19/07/2021, , ,16/07/2021, , ,AGM/DIV - RS 25 PER SH   
BE,AKZOINDIA,Akzo Nobel India Limited, ,07/08/2021,13/08/2021,05/08/2021, , ,AGM/DIV - RS 30 PER SH   
BE,PSB,Punjab & Sind Bank, ,14/07/2021,20/07/2021,12/07/2021, , ,ANNUAL GENERAL MEETING   
BE,PERSISTENT,Persistent Systems Ltd, ,15/07/2021,21/07/2021,13/07/2021, , ,ANNUAL GENERAL MEETING   
BE,CHOLAFIN,Cholamandalam In & Fin Co, ,26/07/2021,30/07/2021,22/07/2021, , ,AGM/DIV - RS 0.70 PER SH 
BE,KIRLOSIND,Kirloskar Industries Limi, ,04/08/2021,10/08/2021,02/08/2021, , ,AGM/DIV - RS 10 PER SH   
BE,GPPL,Gujarat Pipavav Port Ltd, ,07/08/2021,13/08/2021,05/08/2021, , ,DIV - RS 2.40 PER SH     
BE,IMFA,Indian Metals & Ferro, ,23/07/2021,24/07/2021,20/07/2021, , ,AGM/DIV - RS 7 PER SH    
BE,BAJFINANCE,Bajaj Finance Limited, ,10/07/2021,20/07/2021,08/07/2021, , ,AGM/DIV - RS 10 PER SH   
BE,SMLISUZU,SML Isuzu Limited, ,23/07/2021,30/07/2021,20/07/2021, , ,ANNUAL GENERAL MEETING   
BE,MAANALU,Maan Aluminium Limited, ,17/07/2021,23/07/2021,15/07/2021, , ,ANNUAL GENERAL MEETING   
BE,MAANALU,Maan Aluminium Limited,03/08/2021, , ,02/08/2021, , ,BONUS 1:1                
BE,ELGIRUBCO,Elgi Rubber Co. Ltd, ,20/08/2021,26/08/2021,17/08/2021, , ,ANNUAL GENERAL MEETING   
BE,L&TFH,L&T Finance Holdings Ltd, ,22/07/2021,28/07/2021,19/07/2021, , ,ANNUAL GENERAL MEETING   
BE,TCIDEVELOP,TCI Developers Limited, ,23/07/2021,28/07/2021,20/07/2021, , ,ANNUAL GENERAL MEETING   
BE,LALPATHLAB,Dr. Lal Path Labs Ltd.,22/07/2021, , ,20/07/2021, , ,AGM/DIV - RS 8 PER SH    
BE,WABCOINDIA,WABCO India Limited,13/08/2021, , ,12/08/2021, , ,DIV - RS 11 PER SH       
BE,KOKUYOCMLN,Kokuyo Camlin Limited, ,27/08/2021,31/08/2021,25/08/2021, , ,ANNUAL GENERAL MEETING   
BE,HEROMOTOCO,Hero MotoCorp Limited, ,24/07/2021,04/08/2021,22/07/2021, , ,AGM/DIV-RS25/SPLDIV-RS10 
BE,APLLTD,Alembic Pharma Ltd, ,21/07/2021,27/07/2021,19/07/2021, , ,AGM/DIV - RS 14 PER SH   
BE,MINDACORP,Minda Corporation Ltd, ,05/07/2021,09/07/2021,01/07/2021, , ,DIV - RS 0.35 PER SH     
BE,HIL,HIL Limited, ,24/07/2021,30/07/2021,22/07/2021, , ,AGM/DIV - RS 25 PER SH   
BE,PEL,Piramal Enterprises Ltd.,07/07/2021, , ,06/07/2021, , ,DIV - RS 33 PER SH       
BE,ORIENTCEM,Orient Cement Ltd., ,30/07/2021,05/08/2021,28/07/2021, , ,AGM/DIV - RS 1.50 PER SH 
BE,VAIBHAVGBL,Vaibhav Gems Ltd, ,02/07/2021,02/07/2021,30/06/2021, , ,AGM/DIV - RS 1.50 PER SH 
BE,PRESSMN,Nucent Finance Ltd., ,20/07/2021,26/07/2021,16/07/2021, , ,ANNUAL GENERAL MEETING   
BE,PRESSMN,Nucent Finance Ltd.,19/07/2021, , ,16/07/2021, , ,DIV - RE 1 PER SH        
BE,INDORAMA,Indo Rama Synthetics (Ind, ,18/08/2021,24/08/2021,13/08/2021, , ,ANNUAL GENERAL MEETING   
BE,DCMSHRIRAM,DCM Shriram Limited,09/07/2021, , ,08/07/2021, , ,DIV - RS 3.80 PER SH     
BE,RAMCOCEM,Ramco Cements Ltd.,12/08/2021, , ,11/08/2021, , ,ANNUAL GENERAL MEETING   
BE,NATHBIOGEN,Nath Bio-Genes (I) Ltd, ,22/08/2021,27/08/2021,18/08/2021, , ,AGM/DIV - RS 2 PER SH    
BE,AGRITECH,Agri-Tech (India) Limited, ,24/07/2021,29/07/2021,22/07/2021, , ,ANNUAL GENERAL MEETING   
BE,BUTTERFLY,Btrfly Gandhi Appl Ltd, ,23/07/2021,29/07/2021,20/07/2021, , ,ANNUAL GENERAL MEETING   
BE,PDSMFL,PDS Multinational Fas Ltd, ,24/07/2021,30/07/2021,22/07/2021, , ,AGM/DIV-RS 15.75 PER SH  
BE,TECHIN,Techindia Nirman Limited, ,24/07/2021,29/07/2021,22/07/2021, , ,ANNUAL GENERAL MEETING   
BE,SHARDACROP,Sharda Cropchem Limited,22/07/2021, , ,20/07/2021, , ,DIV - RS 3 PER SH        
BE,CANBK,Canara Bank, ,28/07/2021,03/08/2021,26/07/2021, , ,ANNUAL GENERAL MEETING   
BE,GODREJIND,Godrej Industries Ltd., ,06/08/2021,13/08/2021,04/08/2021, , ,ANNUAL GENERAL MEETING   
BE,PNB,Punjab National Bank, ,20/07/2021,26/07/2021,16/07/2021, , ,ANNUAL GENERAL MEETING   
BE,UCOBANK,UCO Bank, ,14/07/2021,20/07/2021,12/07/2021, , ,ANNUAL GENERAL MEETING   
BE,DTIL,Dhunseri Tea & Ind. Ltd., ,03/07/2021,05/07/2021,01/07/2021, , ,AGM/DIV - RS 5 PER SH    
BE,FCL,Fineotex Chemical Limited,09/07/2021, , ,08/07/2021, , ,AGM/DIV-RS 0.30 PER SH   
BE,CAMLINFINE,Camlin Fine Sciences Ltd, ,14/07/2021,20/07/2021,12/07/2021, , ,ANNUAL GENERAL MEETING   
BE,VISHNU,Vishnu Chemicals Limited,02/07/2021, , ,01/07/2021, , ,AGM/DIV - RS 1 PER SH    
BE,JMA,Jullundur Mot Agency Ltd, ,18/08/2021,24/08/2021,13/08/2021, , ,AGM/DIV - RS 2 PER SH    
BE,BHAGERIA,Bhageria Industries Ltd, ,25/07/2021,31/07/2021,22/07/2021, , ,AGM/DIV-RS 3.50 PER SH   
BE,SYNGENE,Syngene International Ltd,14/07/2021, , ,13/07/2021, , ,ANNUAL GENERAL MEETING   
BE,ALKEM,Alkem Laboratories Ltd.,10/08/2021, , ,09/08/2021, , ,DIV - RS 5 PER SH        
BE,PRECAM,Precision Camshafts Ltd., ,20/07/2021,27/07/2021,16/07/2021, , ,AGM/DIV - RE 1 PER SH    
BE,ADANITRANS,Adani Transmission Ltd, ,06/07/2021,13/07/2021,02/07/2021, , ,ANNUAL GENERAL MEETING   
BE,SHRIPISTON,Shriram Pist. & Ring Ltd, ,30/06/2021,06/07/2021,28/06/2021, , ,ANNUAL GENERAL MEETING   
BE,CONTROLPR,Control Print Limited,12/07/2021, , ,09/07/2021, , ,AGM/DIV-RS 4.50 PER SH   
BE,XPROINDIA,Xpro India Limited, ,03/08/2021,10/08/2021,30/07/2021, , ,ANNUAL GENERAL MEETING   
BE,TRENT,Trent Limited - Depo, ,13/07/2021,15/07/2021,09/07/2021, , ,AGM/DIV - RE 0.60 PER SH 
BE,3MINDIA,3M India Limited, ,21/08/2021,26/08/2021,18/08/2021, , ,ANNUAL GENERAL MEETING   
BE,PONNIERODE,Ponni Sugars (Erode) Ltd., ,08/07/2021,20/07/2021,06/07/2021, , ,AGM/DIV-RS4/SPLDIV-RE1   
BE,SKFINDIA,SKF India Limited,07/07/2021, , ,06/07/2021, , ,AGM/DIV - RS 14.50 PER SH
BE,CLNINDIA,Clariant Chemicals (I)Ltd, ,06/08/2021,12/08/2021,04/08/2021, , ,AGM/DIV - RS 15 PER SH   
BE,QUINTEGRA,Quintegra Solutions Ltd, ,24/07/2021,30/07/2021,22/07/2021, , ,ANNUAL GENERAL MEETING   
BE,RANEHOLDIN,Rane Holdings Limited,30/07/2021, , ,29/07/2021, , ,ANNUAL GENERAL MEETING   
BE,GOLDIAM,Goldiam International Ltd, ,14/08/2021,28/08/2021,12/08/2021, , ,AGM/DIV - RS 3 PER SH    
BE,VIMTALABS,Vimta Labs Limited, ,29/06/2021,05/07/2021,25/06/2021, , ,AGM/DIV - RS 2 PER SH    
BE,SASKEN,Sasken Technologies Ltd, ,17/07/2021,17/07/2021,15/07/2021, , ,DIV - RS 15 PER SH       
BE,JSWSTEEL,JSW Steel Limited, ,07/07/2021,09/07/2021,05/07/2021, , ,AGM/DIV - RS 6.50 PER SH 
BE,WENDT,Wendt (India) Ltd., ,16/07/2021,23/07/2021,14/07/2021, , ,AGM/DIV - RS 20 PER SH   
BE,JINDALSAW,Jindal Saw Limited, ,10/07/2021,16/07/2021,08/07/2021, , ,AGM/DIV - RS 2 PER SH    
BE,ATUL,Atul Ltd., ,17/07/2021,23/07/2021,15/07/2021, , ,AGM/DIV - RS 20 PER SH   
BE,SHRIRAMCIT,Shriram Cityuni Fin.Ltd., ,23/07/2021,29/07/2021,20/07/2021, , ,AGM/DIV - RS 13 PER SH   
BE,JKCEMENT,JK Cement Limited, ,05/08/2021,14/08/2021,03/08/2021, , ,AGM/DIV - RS 15 PER SH   
BE,SAKSOFT,Saksoft Limited, ,01/08/2021,10/08/2021,29/07/2021, , ,AGM/DIV - RS 2.50 PER SH 
BE,M&MFIN,Mahindra & Mahindra Finan, ,20/07/2021,26/07/2021,16/07/2021, , ,AGM/DIV - RS  0.80 PER SH
BE,GANGOTRI,Gangotri Textiles Limited, ,24/07/2021,30/07/2021,22/07/2021, , ,ANNUAL GENERAL MEETING   
BE,PRIMESECU,Prime Securities Limited, ,10/08/2021,17/08/2021,06/08/2021, , ,AGM/DIV-RS 4.50 PER SH   
BE,GRANULES,Granules India Limited, ,30/07/2021,05/08/2021,28/07/2021, , ,AGM/DIV - RS 0.75 PER SH 
BE,CUMMINSIND,Cummins India Limited,05/08/2021, , ,04/08/2021, , ,AGM/DIV - RS 8 PER SH    
BE,MARKSANS,Marksans Pharma Limited,02/07/2021, , ,01/07/2021, , ,EOGM                     
BE,PIONEEREMB,Pioneer Embroideries Limi, ,10/07/2021,19/07/2021,08/07/2021, , ,AGM/DIV - RS 0.25  PER SH
BE,MMFL,MM Forgings Ltd.,02/07/2021, , ,01/07/2021, , ,INTDIV - RS 5 PER SH     
BE,PAGEIND,Page Industries Limited, ,05/08/2021,05/08/2021,03/08/2021, , ,ANNUAL GENERAL MEETING   
BE,BALAMINES,Balaji Amines Limited, ,02/08/2021,09/08/2021,29/07/2021, , ,AGM/DIV - RS 4 PER SH    
BE,TECHM,Tech Mahindra Limited, ,27/07/2021,30/07/2021,23/07/2021, , ,AGM/DIV-RS15SPLDIV-RS15  
BE,ICRA,ICRA Limited, ,24/07/2021,28/07/2021,22/07/2021, , ,DIV - RS 27 PER SH       
BE,GRINDWELL,Grindwell Norton Limited, ,22/07/2021,28/07/2021,19/07/2021, , ,AGM/DIV - RS 9.50 PER SH 
BE,NILKAMAL,Nilkamal Limited, ,29/07/2021,04/08/2021,27/07/2021, , ,AGM/DIV - RS 10 PER SH   
BE,SUVEN,Suven Life Sciences Ltd, ,04/08/2021,06/08/2021,02/08/2021, , ,ANNUAL GENERAL MEETING   
BE,ADANIENT,Adani Enterprises Limited,02/07/2021, , ,01/07/2021, , ,DIV - RE 1 PER SH        
BE,TIDEWATER,Tide Water Oil Co. (India,27/07/2021, , ,26/07/2021, , ,BON1:1/FVSPLTFRMRS5TORS2 
BE,TIDEWATER,Tide Water Oil Co. (India, ,21/07/2021,27/07/2021,19/07/2021, , ,DIV - RS 200 PER SH      
BE,LUMAXTECH,Lumax Auto Technologies L, ,24/08/2021,31/08/2021,20/08/2021, , ,AGM/DIV - RS 3 PER SH    
BE,PTL,PTL Enterprises Limited, ,05/07/2021,15/07/2021,01/07/2021, , ,AGM/DIV - RS 2.50 PER SH 
BE,IGPL,IG Petrochemicals Ltd., ,17/07/2021,19/07/2021,15/07/2021, , ,AGM/DIV-RS 7.50 PER SH   
BE,CERA,Cera Sanitaryware Limited, ,20/07/2021,27/07/2021,16/07/2021, , ,DIV - RS 13 PER SH       
BE,NAVINFLUOR,Navin Fluorine Internatio, ,13/07/2021,16/07/2021,09/07/2021, , ,DIV - RS 6 PER SH        
BE,NAUKRI,Info Edge (India) Limited, ,21/08/2021,27/08/2021,18/08/2021, , ,ANNUAL GENERAL MEETING   
BE,SWELECTES,Swelect Energy Sys Ltd, ,20/07/2021,26/07/2021,16/07/2021, , ,AGM/DIV - RS 3 PER SH    
BE,REDINGTON,Redington (India) Limited, ,05/08/2021,11/08/2021,03/08/2021, , ,AGM/DIVRS7.60/SPLDIVRS4  
BE,APCOTEXIND,Apcotex Industries Ltd., ,03/07/2021,08/07/2021,01/07/2021, , ,AGM/DIV - RS 2 PER SH    
BE,PFC,Power Finance Corporation,02/07/2021, , ,01/07/2021, , ,DIV - RS 2 PER SH        
BE,NELCAST,Nelcast Limited, ,03/08/2021,09/08/2021,30/07/2021, , ,AGM/DIV - RS 0.20 PER SH 
BE,INDIANB,Indian Bank,09/07/2021, , ,08/07/2021, , ,AGM/DIV - RS 2 PER SH    
BE,MINDTREE,MindTree Limited, ,07/07/2021,13/07/2021,05/07/2021, , ,AGM/DIV - RS 17.50 PERSH 
BE,COLPAL,Colgate Palmolive (India), ,23/07/2021,29/07/2021,20/07/2021, , ,ANNUAL GENERAL MEETING   
BE,SUBEXLTD,Subex Ltd,02/07/2021, , ,01/07/2021, , ,AGM/DIV - RS 0.25 PER SH 
BE,JYOTHYLAB,Jyothy Labs Limited, ,23/07/2021,30/07/2021,20/07/2021, , ,AGM/DIV - RS 4 PER SH    
BE,RANEENGINE,Rane Engine Valve Limited,15/07/2021, , ,14/07/2021, , ,ANNUAL GENERAL MEETING   
BE,ZYDUSWELL,Zydus Wellness Limited, ,16/07/2021,23/07/2021,14/07/2021, , ,AGM/DIV - RS 5 PER SH    
BE,ASTEC,Astec LifeSciences Ltd, ,24/07/2021,27/07/2021,22/07/2021, , ,AGM/DIV - RS 1.50 PER SH 
BE,VINYLINDIA,Vinyl Chemicals (India) L, ,06/08/2021,12/08/2021,04/08/2021, , ,AGM/DIV-RS 3.75 PER SH   
BE,UBL,United Breweries Limited, ,03/07/2021,09/07/2021,01/07/2021, , ,AGM/DIV-RS 0.50 PER SH   
BE,TANTIACONS,Tantia Constructions Limi, ,20/07/2021,26/07/2021,16/07/2021, , ,ANNUAL GENERAL MEETING   
BE,HERCULES,Hercules Hoists Limited, ,03/08/2021,10/08/2021,30/07/2021, , ,AGM/DIV-RS 1.50 PER SH   
BE,GILLANDERS,Gillanders Arbuthnot Ltd, ,06/08/2021,13/08/2021,04/08/2021, , ,ANNUAL GENERAL MEETING   
BE,OFSS,Oracle Fin Serv Soft Ltd., ,29/07/2021,04/08/2021,27/07/2021, , ,ANNUAL GENERAL MEETING   
BE,DLINKINDIA,D-Link India Ltd, ,21/08/2021,27/08/2021,18/08/2021, , ,AGM/DIV - RS 1.80 PER SH 
BE,BOSCHLTD,Bosch Limited, ,14/07/2021,05/08/2021,12/07/2021, , ,AGM/DIV - RS 115 PER SH  
BE,VINATIORGA,Vinati Organics Limited, ,26/06/2021,03/07/2021,24/06/2021, , ,AGM/DIV - RS 6 PER SH    
BE,BATAINDIA,BATA INDIA LTD, ,06/08/2021,12/08/2021,04/08/2021, , ,AGM/DIV - RS 4 PER SH    
BE,NOCIL,NOCIL Limited, ,28/07/2021,03/08/2021,26/07/2021, , ,AGM/DIV - RS 2 PER SH    
BE,ESCORTS,ESCORTS INDIA LTD, ,17/07/2021,27/07/2021,15/07/2021, , ,AGM/DIV-RS5/SPLDIV-RS2.5 
BE,VIPIND,VIP Industries Ltd., ,06/08/2021,13/08/2021,04/08/2021, , ,ANNUAL GENERAL MEETING   
BE,CENTURYTEX,CENTURY TEXTILES LTD, ,08/07/2021,16/07/2021,06/07/2021, , ,AGM/DIV - RE 1 PER SH    
BE,WIPRO,WIPRO LTD, ,12/07/2021,13/07/2021,08/07/2021, , ,ANNUAL GENERAL MEETING   
BE,BANKINDIA,Bank of India, ,16/07/2021,20/07/2021,14/07/2021, , ,ANNUAL GENERAL MEETING   
BE,DRREDDY,DR. REDDY'S LABORATORIES, ,13/07/2021,15/07/2021,09/07/2021, , ,AGM/DIV - RS 25 PER SH   
BE,HINDPETRO,HINDUSTAN PERTOLEUM CORP, ,12/07/2021,16/07/2021,08/07/2021, , ,DIV - RS 22.75 PER SH    
BE,M&M,MAHINDRA & MAHINDRA LTD, ,17/07/2021,06/08/2021,15/07/2021, , ,AGM/DIV-RS 8.75 PER SH   
BE,CARBORUNIV,Carborundum Univ Ltd, ,26/07/2021,02/08/2021,22/07/2021, , ,AGM/DIV - RS 1.50 PER SH 
BE,RAYMOND,RAYMOND-depo, ,24/07/2021,02/08/2021,22/07/2021, , ,ANNUAL GENERAL MEETING   
BE,ELGIEQUIP,Elgi Equipments Ltd, ,27/07/2021,02/08/2021,23/07/2021, , ,AGM/DIV - RS 0.80 PER SH 
BE,MAHSCOOTER,Maharashtra Scooters Ltd, ,10/07/2021,21/07/2021,08/07/2021, , ,AGM/DIV - RS 50 PER SH   
BE,BHARATFORG,Bharat Forge Ltd,16/07/2021, , ,15/07/2021, , ,DIV - RS 2 PER SH        
BE,NEULANDLAB,Neuland Laboratories Ltd, ,01/07/2021,07/07/2021,29/06/2021, , ,AGM/DIV - RS 3 PER SH    
BE,SESHAPAPER,Seshasaye Pap & Boards , ,15/07/2021,24/07/2021,13/07/2021, , ,AGM/DIV - RS 2.50 PER SH 
BE,BASF,BASF - Depo, ,24/07/2021,30/07/2021,22/07/2021, , ,AGM/DIV-RS 5/SPLDIV-RS 5 
BE,LYKALABS,Lyka Labs Ltd, ,24/07/2021,30/07/2021,22/07/2021, , ,ANNUAL GENERAL MEETING   
BE,JMCPROJECT,JMC Projects (I)  Ltd., ,08/07/2021,14/07/2021,06/07/2021, , ,AGM/DIV - RS 0.70 PER SH 
BE,VOLTAS,VOLTAS LTD, ,13/08/2021,27/08/2021,11/08/2021, , ,AGM/DIV - RS 5 PER SH    
BE,VSTIND,VST Industries Ltd., ,20/07/2021,27/07/2021,16/07/2021, , ,DIV - RS 114 PER SH      
BE,ONWARDTEC,Onward Technologies Ltd, ,09/07/2021,15/07/2021,07/07/2021, , ,AGM/DIV - RS 3 PER SH    
BE,EIHOTEL,EIH LTD DEP, ,23/07/2021,25/07/2021,20/07/2021, , ,ANNUAL GENERAL MEETING   
BE,AMARAJABAT,Amara Raja Batt Ltd-Depo, ,31/07/2021,06/08/2021,29/07/2021, , ,AGM/DIV - RS 6 PER SH    
BE,HEG,HEG Ltd, ,22/07/2021,28/07/2021,19/07/2021, , ,AGM/DIV - RS 3 PER SH    
BE,TATAPOWER,TATA POWER LTD, ,19/06/2021,05/07/2021,17/06/2021, , ,DIV - RS 1.55 PER SH     
BE,APOLLOTYRE,APOLLOTYRE - Depo, ,17/07/2021,23/07/2021,15/07/2021, , ,AGM/DIV-RS 3.50 PER SH   
BE,UNICHEMLAB,UNICHEMLAB - Depo, ,26/07/2021,31/07/2021,22/07/2021, , ,AGM/DIV - RS 4 PER SH    
BE,FEDERALBNK,Federal Bank- depo, ,03/07/2021,09/07/2021,01/07/2021, , ,AGM/DIV-RS 0.70 PER SH   
BE,ESABINDIA,Esabindia-depo, ,06/08/2021,12/08/2021,04/08/2021, , ,AGM/DIV - RS 25 PER SH   
BE,SWARAJENG,Swaraj Engines Ltd, ,03/07/2021,09/07/2021,01/07/2021, , ,DIV-RS 50/SPLDIV-RS 19   
BE,TITAN,Titan Company Limited, ,24/07/2021,02/08/2021,22/07/2021, , ,AGM/DIV - RS 4 PER SH    
BE,CENTENKA,Century Enka Ltd, ,03/08/2021,05/08/2021,30/07/2021, , ,AGM/DIV - RS 8 PER SH    
BE,COSMOFILMS,Cosmo Films Ltd, ,17/07/2021,23/07/2021,15/07/2021, , ,ANNUAL GENERAL MEETING   
BE,TINPLATE,THE TINPLATE CO. (I) LTD, ,16/07/2021,30/07/2021,14/07/2021, , ,AGM/DIV - RS 2 PER SH    
BE,BLUESTARCO,Blue Star Limited-Depo,23/07/2021, , ,22/07/2021, , ,DIV - RS 4 PER SH        
BE,SHANTIGEAR,Shanthi Gears Ltd, ,10/07/2021,21/07/2021,08/07/2021, , ,ANNUAL GENERAL MEETING   
BE,BANKBARODA,Bank of Baroda, ,02/07/2021,08/07/2021,30/06/2021, , ,ANNUAL GENERAL MEETING   
BE,WHEELS,Wheels India Ltd, ,29/07/2021,04/08/2021,27/07/2021, , ,AGM/DIV - RE 1 PER SH    
BE,TTKPRESTIG,TTK Prestige Ltd., ,03/07/2021,03/07/2021,01/07/2021, , ,AGM/DIV - RS 30 PER SH   
BE,HERITGFOOD,Heritage Foods Ltd., ,24/07/2021,30/07/2021,22/07/2021, , ,AGM/DIV - RS 5 PER SH    
BE,GABRIEL,Gabriel India Ltd,28/07/2021, , ,27/07/2021, , ,DIV - RS 0.70 PER SH     
BE,LUMAXIND,Lumax Industries Ltd, ,24/08/2021,31/08/2021,20/08/2021, , ,AGM/DIV - RS 7 PER SH    
BE,ALKYLAMINE,Alkyl Amine Chem Ltd, ,14/07/2021,20/07/2021,12/07/2021, , ,AGM/DIV - RS 6 PER SH    
BE,MUNJALSHOW,Munjal Showa Ltd, ,14/08/2021,25/08/2021,12/08/2021, , ,AGM/DIV-RS 4.50 PER SH   
BE,21STCENMGM,21st Century Mgmt-Depo, ,10/07/2021,16/07/2021,08/07/2021, , ,ANNUAL GENERAL MEETING   
BE,BLUEDART,Blue Dart Express Ltd, ,23/07/2021,30/07/2021,20/07/2021, , ,AGM/DIV - RS 15 PER SH   
BE,TATAMETALI,Tata Metaliks Ltd, ,24/07/2021,02/08/2021,22/07/2021, , ,AGM/DIV - RS 4 PER SH    
BE,BANARBEADS,BanarasBeadsLtd-RollSett, ,21/07/2021,27/07/2021,19/07/2021, , ,ANNUAL GENERAL MEETING   
BE,KALPATPOWR,Kalpataru Pow Trans Ltd,08/07/2021, , ,07/07/2021, , ,DIV - RS 1.50 PER SH     
BE,PUNJABCHEM,Punj Chem & Crop Prot Ltd, ,05/08/2021,12/08/2021,03/08/2021, , ,DIV - RS 2 PER SH        
BE,EIMCOELECO,Eimco Elecon (India) Ltd., ,24/07/2021,05/08/2021,22/07/2021, , ,AGM/DIV - RS 5 PER SH    
BE,CADILAHC,Cadila Healthcare-Depo, ,30/07/2021,06/08/2021,28/07/2021, , ,AGM/DIV-RS 3.50 PER SH   
BE,TIRUMALCHM,Thirumalai Chemicals Ltd, ,15/07/2021,21/07/2021,13/07/2021, , ,AGM/DIV-RS 2.20 PER SH   
BE,LAXMIMACH,LakshmiMachine-Roll Sett, ,15/07/2021,21/07/2021,13/07/2021, , ,AGM/DIV - RS 10 PER SH   
BE,GOODYEAR,Goodyear India Ltd, ,06/08/2021,12/08/2021,04/08/2021, , ,AGM/DIV-RS18SPLDIV-RS80  
BE,NOVARTIND,NovartisIndiaLtd-RollSett, ,20/08/2021,27/08/2021,17/08/2021, , ,DIV - RS 10 PER SH       
BE,INDIANHUME,Indian Hume Pipe Co. Ltd, ,14/08/2021,26/08/2021,12/08/2021, , ,AGM/DIV - RS 2 PER SH    
BE,GMBREW,GM Breweries Ltd., ,30/06/2021,06/07/2021,28/06/2021, , ,AGM/DIV - RS 4 PER SH    
BE,RAMCOIND,Ramco Industries Ltd,12/08/2021, , ,11/08/2021, , ,ANNUAL GENERAL MEETING   
BE,DWARKESH,Dwarikesh Sugar Ind. Ltd., ,14/07/2021,20/07/2021,12/07/2021, , ,AGM/DIV - RS 1.25 PER SH 
BE,GLAXO,GlaxoSmithKline Pharmaceu,20/07/2021, , ,19/07/2021, , ,AGM/DIV - RS 30  PER SH  
BE,PETRONET,PETRONET LNG LIMITED,02/07/2021, , ,01/07/2021, , ,DIV - RS 3.50 PER SH     
BZ,GANGOTRI,Gangotri Textiles Limited, ,24/07/2021,30/07/2021,22/07/2021, , ,ANNUAL GENERAL MEETING   
BZ,GMBREW,GM Breweries Ltd., ,30/06/2021,06/07/2021,28/06/2021, , ,AGM/DIV - RS 4 PER SH    
BZ,TANTIACONS,Tantia Constructions Limi, ,20/07/2021,26/07/2021,16/07/2021, , ,ANNUAL GENERAL MEETING   
EQ,BANARBEADS,Banaras Beads Ltd, ,21/07/2021,27/07/2021,19/07/2021, , ,ANNUAL GENERAL MEETING   
EQ,HEG,HEG Ltd, ,22/07/2021,28/07/2021,19/07/2021, , ,AGM/DIV - RS 3 PER SH    
EQ,VIPIND,VIP Industries Ltd., ,06/08/2021,13/08/2021,04/08/2021, , ,ANNUAL GENERAL MEETING   
EQ,COSMOFILMS,Cosmo Films Ltd, ,17/07/2021,23/07/2021,15/07/2021, , ,ANNUAL GENERAL MEETING   
EQ,FEDERALBNK,Federal Bank Ltd., ,03/07/2021,09/07/2021,01/07/2021, , ,AGM/DIV-RS 0.70 PER SH   
EQ,TATAPOWER,Tata Power Co. Ltd., ,19/06/2021,05/07/2021,17/06/2021, , ,DIV - RS 1.55 PER SH     
EQ,CENTENKA,Century Enka Ltd, ,03/08/2021,05/08/2021,30/07/2021, , ,AGM/DIV - RS 8 PER SH    
EQ,APOLLOTYRE,Apollo Tyres Ltd., ,17/07/2021,23/07/2021,15/07/2021, , ,AGM/DIV-RS 3.50 PER SH   
EQ,EIHOTEL,EIH Ltd, ,23/07/2021,25/07/2021,20/07/2021, , ,ANNUAL GENERAL MEETING   
EQ,CENTURYTEX,Century Textiles Ltd., ,08/07/2021,16/07/2021,06/07/2021, , ,AGM/DIV - RE 1 PER SH    
EQ,ELGIEQUIP,Elgi Equipments Ltd, ,27/07/2021,02/08/2021,23/07/2021, , ,AGM/DIV - RS 0.80 PER SH 
EQ,21STCENMGM,21st Century Mgmt Ser Ltd, ,10/07/2021,16/07/2021,08/07/2021, , ,ANNUAL GENERAL MEETING   
EQ,MUNJALSHOW,Munjal Showa Ltd, ,14/08/2021,25/08/2021,12/08/2021, , ,AGM/DIV-RS 4.50 PER SH   
EQ,BLUEDART,Blue Dart Express Ltd, ,23/07/2021,30/07/2021,20/07/2021, , ,AGM/DIV - RS 15 PER SH   
EQ,KALPATPOWR,Kalpataru Pow Trans Ltd,08/07/2021, , ,07/07/2021, , ,DIV - RS 1.50 PER SH     
EQ,ONWARDTEC,Onward Technologies Ltd, ,09/07/2021,15/07/2021,07/07/2021, , ,AGM/DIV - RS 3 PER SH    
EQ,SHANTIGEAR,Shanthi Gears Ltd, ,10/07/2021,21/07/2021,08/07/2021, , ,ANNUAL GENERAL MEETING   
EQ,WIPRO,Wipro Ltd, ,12/07/2021,13/07/2021,08/07/2021, , ,ANNUAL GENERAL MEETING   
EQ,TIRUMALCHM,Thirumalai Chemicals Ltd, ,15/07/2021,21/07/2021,13/07/2021, , ,AGM/DIV-RS 2.20 PER SH   
EQ,LYKALABS,Lyka Labs Ltd, ,24/07/2021,30/07/2021,22/07/2021, , ,ANNUAL GENERAL MEETING   
EQ,TATAMETALI,Tata Metaliks Ltd, ,24/07/2021,02/08/2021,22/07/2021, , ,AGM/DIV - RS 4 PER SH    
EQ,M&M,Mah & Mah Ltd., ,17/07/2021,06/08/2021,15/07/2021, , ,AGM/DIV-RS 8.75 PER SH   
EQ,UNICHEMLAB,Unichem Laboratories Ltd., ,26/07/2021,31/07/2021,22/07/2021, , ,AGM/DIV - RS 4 PER SH    
EQ,INDIANHUME,Indian Hume Pipe Co. Ltd, ,14/08/2021,26/08/2021,12/08/2021, , ,AGM/DIV - RS 2 PER SH    
EQ,GABRIEL,Gabriel India Ltd,28/07/2021, , ,27/07/2021, , ,DIV - RS 0.70 PER SH     
EQ,GOODYEAR,Goodyear India Ltd, ,06/08/2021,12/08/2021,04/08/2021, , ,AGM/DIV-RS18SPLDIV-RS80  
EQ,GLAXO,GlaxoSmithKline Pharmaceu,20/07/2021, , ,19/07/2021, , ,AGM/DIV - RS 30  PER SH  
EQ,GMBREW,GM Breweries Ltd., ,30/06/2021,06/07/2021,28/06/2021, , ,AGM/DIV - RS 4 PER SH    
EQ,NEULANDLAB,Neuland Laboratories Ltd, ,01/07/2021,07/07/2021,29/06/2021, , ,AGM/DIV - RS 3 PER SH    
EQ,ESABINDIA,Esab India Ltd., ,06/08/2021,12/08/2021,04/08/2021, , ,AGM/DIV - RS 25 PER SH   
EQ,TINPLATE,The Tinplate Co. (I) Ltd, ,16/07/2021,30/07/2021,14/07/2021, , ,AGM/DIV - RS 2 PER SH    
EQ,EIMCOELECO,Eimco Elecon (India) Ltd., ,24/07/2021,05/08/2021,22/07/2021, , ,AGM/DIV - RS 5 PER SH    
EQ,BANKINDIA,Bank of India, ,16/07/2021,20/07/2021,14/07/2021, , ,ANNUAL GENERAL MEETING   
EQ,BATAINDIA,Bata India Ltd., ,06/08/2021,12/08/2021,04/08/2021, , ,AGM/DIV - RS 4 PER SH    
EQ,DRREDDY,Dr. Reddys Lab Ltd, ,13/07/2021,15/07/2021,09/07/2021, , ,AGM/DIV - RS 25 PER SH   
EQ,NOCIL,NOCIL Limited, ,28/07/2021,03/08/2021,26/07/2021, , ,AGM/DIV - RS 2 PER SH    
EQ,TITAN,Titan Company Limited, ,24/07/2021,02/08/2021,22/07/2021, , ,AGM/DIV - RS 4 PER SH    
EQ,VOLTAS,Voltas Ltd., ,13/08/2021,27/08/2021,11/08/2021, , ,AGM/DIV - RS 5 PER SH    
EQ,ESCORTS,Escorts India Ltd., ,17/07/2021,27/07/2021,15/07/2021, , ,AGM/DIV-RS5/SPLDIV-RS2.5 
EQ,HINDPETRO,Hindustan Petroleum Corp, ,12/07/2021,16/07/2021,08/07/2021, , ,DIV - RS 22.75 PER SH    
EQ,BASF,BASF Ltd., ,24/07/2021,30/07/2021,22/07/2021, , ,AGM/DIV-RS 5/SPLDIV-RS 5 
EQ,BHARATFORG,Bharat Forge Ltd,16/07/2021, , ,15/07/2021, , ,DIV - RS 2 PER SH        
EQ,LAXMIMACH,Lakshmi Mach Works, ,15/07/2021,21/07/2021,13/07/2021, , ,AGM/DIV - RS 10 PER SH   
EQ,SWARAJENG,Swaraj Engines Ltd, ,03/07/2021,09/07/2021,01/07/2021, , ,DIV-RS 50/SPLDIV-RS 19   
EQ,ALKYLAMINE,Alkyl Amine Chem Ltd, ,14/07/2021,20/07/2021,12/07/2021, , ,AGM/DIV - RS 6 PER SH    
EQ,JMCPROJECT,JMC Projects (I)  Ltd., ,08/07/2021,14/07/2021,06/07/2021, , ,AGM/DIV - RS 0.70 PER SH 
EQ,CARBORUNIV,Carborundum Univ Ltd, ,26/07/2021,02/08/2021,22/07/2021, , ,AGM/DIV - RS 1.50 PER SH 
EQ,PUNJABCHEM,Punj Chem & Crop Prot Ltd, ,05/08/2021,12/08/2021,03/08/2021, , ,DIV - RS 2 PER SH        
EQ,RAYMOND,Raymond Ltd., ,24/07/2021,02/08/2021,22/07/2021, , ,ANNUAL GENERAL MEETING   
EQ,SESHAPAPER,Seshasaye Pap & Boards , ,15/07/2021,24/07/2021,13/07/2021, , ,AGM/DIV - RS 2.50 PER SH 
EQ,LUMAXIND,Lumax Industries Ltd, ,24/08/2021,31/08/2021,20/08/2021, , ,AGM/DIV - RS 7 PER SH    
EQ,MAHSCOOTER,Maharashtra Scooters Ltd, ,10/07/2021,21/07/2021,08/07/2021, , ,AGM/DIV - RS 50 PER SH   
EQ,TTKPRESTIG,TTK Prestige Ltd., ,03/07/2021,03/07/2021,01/07/2021, , ,AGM/DIV - RS 30 PER SH   
EQ,WHEELS,Wheels India Ltd, ,29/07/2021,04/08/2021,27/07/2021, , ,AGM/DIV - RE 1 PER SH    
EQ,RAMCOIND,Ramco Industries Ltd,12/08/2021, , ,11/08/2021, , ,ANNUAL GENERAL MEETING   
EQ,HERITGFOOD,Heritage Foods Ltd., ,24/07/2021,30/07/2021,22/07/2021, , ,AGM/DIV - RS 5 PER SH    
EQ,BLUESTARCO,Blue Star Ltd.,23/07/2021, , ,22/07/2021, , ,DIV - RS 4 PER SH        
EQ,BANKBARODA,Bank of Baroda, ,02/07/2021,08/07/2021,30/06/2021, , ,ANNUAL GENERAL MEETING   
EQ,VSTIND,VST Industries Ltd., ,20/07/2021,27/07/2021,16/07/2021, , ,DIV - RS 114 PER SH      
EQ,AMARAJABAT,Amara Raja Batt Ltd, ,31/07/2021,06/08/2021,29/07/2021, , ,AGM/DIV - RS 6 PER SH    
EQ,CADILAHC,Cadila Healthcare Ltd., ,30/07/2021,06/08/2021,28/07/2021, , ,AGM/DIV-RS 3.50 PER SH   
EQ,NOVARTIND,Novartis India Ltd., ,20/08/2021,27/08/2021,17/08/2021, , ,DIV - RS 10 PER SH       
EQ,DWARKESH,Dwarikesh Sugar Industrie, ,14/07/2021,20/07/2021,12/07/2021, , ,AGM/DIV - RS 1.25 PER SH 
EQ,PETRONET,Petronet LNG Limited,02/07/2021, , ,01/07/2021, , ,DIV - RS 3.50 PER SH     
EQ,XPROINDIA,Xpro India Limited, ,03/08/2021,10/08/2021,30/07/2021, , ,ANNUAL GENERAL MEETING   
EQ,GODREJIND,Godrej Industries Ltd., ,06/08/2021,13/08/2021,04/08/2021, , ,ANNUAL GENERAL MEETING   
EQ,TRENT,Trent Ltd., ,13/07/2021,15/07/2021,09/07/2021, , ,AGM/DIV - RE 0.60 PER SH 
EQ,3MINDIA,3M India Limited, ,21/08/2021,26/08/2021,18/08/2021, , ,ANNUAL GENERAL MEETING   
EQ,PONNIERODE,Ponni Sugars (Erode) Limi, ,08/07/2021,20/07/2021,06/07/2021, , ,AGM/DIV-RS4/SPLDIV-RE1   
EQ,PNB,Punjab National Bank, ,20/07/2021,26/07/2021,16/07/2021, , ,ANNUAL GENERAL MEETING   
EQ,INDORAMA,Indo Rama Synthetics (Ind, ,18/08/2021,24/08/2021,13/08/2021, , ,ANNUAL GENERAL MEETING   
EQ,UCOBANK,UCO Bank, ,14/07/2021,20/07/2021,12/07/2021, , ,ANNUAL GENERAL MEETING   
EQ,SUVEN,Suven Life Sciences Ltd, ,04/08/2021,06/08/2021,02/08/2021, , ,ANNUAL GENERAL MEETING   
EQ,CANBK,Canara Bank, ,28/07/2021,03/08/2021,26/07/2021, , ,ANNUAL GENERAL MEETING   
EQ,SKFINDIA,SKF India Limited,07/07/2021, , ,06/07/2021, , ,AGM/DIV - RS 14.50 PER SH
EQ,CLNINDIA,Clariant Chemicals (I)Ltd, ,06/08/2021,12/08/2021,04/08/2021, , ,AGM/DIV - RS 15 PER SH   
EQ,QUINTEGRA,Quintegra Solutions Ltd, ,24/07/2021,30/07/2021,22/07/2021, , ,ANNUAL GENERAL MEETING   
EQ,RANEHOLDIN,Rane Holdings Limited,30/07/2021, , ,29/07/2021, , ,ANNUAL GENERAL MEETING   
EQ,GOLDIAM,Goldiam International Lim, ,14/08/2021,28/08/2021,12/08/2021, , ,AGM/DIV - RS 3 PER SH    
EQ,VIMTALABS,Vimta Labs Limited, ,29/06/2021,05/07/2021,25/06/2021, , ,AGM/DIV - RS 2 PER SH    
EQ,SASKEN,Sasken Technologies Ltd, ,17/07/2021,17/07/2021,15/07/2021, , ,DIV - RS 15 PER SH       
EQ,JSWSTEEL,JSW Steel Limited, ,07/07/2021,09/07/2021,05/07/2021, , ,AGM/DIV - RS 6.50 PER SH 
EQ,WENDT,Wendt (India) Ltd., ,16/07/2021,23/07/2021,14/07/2021, , ,AGM/DIV - RS 20 PER SH   
EQ,JINDALSAW,Jindal Saw Limited, ,10/07/2021,16/07/2021,08/07/2021, , ,AGM/DIV - RS 2 PER SH    
EQ,ATUL,Atul Ltd., ,17/07/2021,23/07/2021,15/07/2021, , ,AGM/DIV - RS 20 PER SH   
EQ,SHRIRAMCIT,Shriram City Union Financ, ,23/07/2021,29/07/2021,20/07/2021, , ,AGM/DIV - RS 13 PER SH   
EQ,JKCEMENT,JK Cement Limited, ,05/08/2021,14/08/2021,03/08/2021, , ,AGM/DIV - RS 15 PER SH   
EQ,SAKSOFT,Saksoft Limited, ,01/08/2021,10/08/2021,29/07/2021, , ,AGM/DIV - RS 2.50 PER SH 
EQ,M&MFIN,Mahindra & Mahindra Finan, ,20/07/2021,26/07/2021,16/07/2021, , ,AGM/DIV - RS  0.80 PER SH
EQ,GANGOTRI,Gangotri Textiles Limited, ,24/07/2021,30/07/2021,22/07/2021, , ,ANNUAL GENERAL MEETING   
EQ,PRIMESECU,Prime Securities Limited, ,10/08/2021,17/08/2021,06/08/2021, , ,AGM/DIV-RS 4.50 PER SH   
EQ,GRANULES,Granules India Limited, ,30/07/2021,05/08/2021,28/07/2021, , ,AGM/DIV - RS 0.75 PER SH 
EQ,CUMMINSIND,Cummins India Limited,05/08/2021, , ,04/08/2021, , ,AGM/DIV - RS 8 PER SH    
EQ,MARKSANS,Marksans Pharma Limited,02/07/2021, , ,01/07/2021, , ,EOGM                     
EQ,PIONEEREMB,Pioneer Embroideries Limi, ,10/07/2021,19/07/2021,08/07/2021, , ,AGM/DIV - RS 0.25  PER SH
EQ,MMFL,MM Forgings Ltd.,02/07/2021, , ,01/07/2021, , ,INTDIV - RS 5 PER SH     
EQ,PAGEIND,Page Industries Limited, ,05/08/2021,05/08/2021,03/08/2021, , ,ANNUAL GENERAL MEETING   
EQ,BALAMINES,Balaji Amines Limited, ,02/08/2021,09/08/2021,29/07/2021, , ,AGM/DIV - RS 4 PER SH    
EQ,TECHM,Tech Mahindra Limited, ,27/07/2021,30/07/2021,23/07/2021, , ,AGM/DIV-RS15SPLDIV-RS15  
EQ,ICRA,ICRA Limited, ,24/07/2021,28/07/2021,22/07/2021, , ,DIV - RS 27 PER SH       
EQ,GRINDWELL,Grindwell Norton Limited, ,22/07/2021,28/07/2021,19/07/2021, , ,AGM/DIV - RS 9.50 PER SH 
EQ,NILKAMAL,Nilkamal Limited, ,29/07/2021,04/08/2021,27/07/2021, , ,AGM/DIV - RS 10 PER SH   
EQ,ADANIENT,Adani Enterprises Limited,02/07/2021, , ,01/07/2021, , ,DIV - RE 1 PER SH        
EQ,TIDEWATER,Tide Water Oil Co. (India,27/07/2021, , ,26/07/2021, , ,BON1:1/FVSPLTFRMRS5TORS2 
EQ,TIDEWATER,Tide Water Oil Co. (India, ,21/07/2021,27/07/2021,19/07/2021, , ,DIV - RS 200 PER SH      
EQ,LUMAXTECH,Lumax Auto Technologies L, ,24/08/2021,31/08/2021,20/08/2021, , ,AGM/DIV - RS 3 PER SH    
EQ,PTL,PTL Enterprises Limited, ,05/07/2021,15/07/2021,01/07/2021, , ,AGM/DIV - RS 2.50 PER SH 
EQ,IGPL,IG Petrochemicals Ltd., ,17/07/2021,19/07/2021,15/07/2021, , ,AGM/DIV-RS 7.50 PER SH   
EQ,CERA,Cera Sanitaryware Limited, ,20/07/2021,27/07/2021,16/07/2021, , ,DIV - RS 13 PER SH       
EQ,NAVINFLUOR,Navin Fluorine Internatio, ,13/07/2021,16/07/2021,09/07/2021, , ,DIV - RS 6 PER SH        
EQ,NAUKRI,Info Edge (India) Limited, ,21/08/2021,27/08/2021,18/08/2021, , ,ANNUAL GENERAL MEETING   
EQ,SWELECTES,Swelect Energy Sys Ltd, ,20/07/2021,26/07/2021,16/07/2021, , ,AGM/DIV - RS 3 PER SH    
EQ,REDINGTON,Redington (India) Limited, ,05/08/2021,11/08/2021,03/08/2021, , ,AGM/DIVRS7.60/SPLDIVRS4  
EQ,APCOTEXIND,Apcotex Industries Ltd., ,03/07/2021,08/07/2021,01/07/2021, , ,AGM/DIV - RS 2 PER SH    
EQ,PFC,Power Finance Corporation,02/07/2021, , ,01/07/2021, , ,DIV - RS 2 PER SH        
EQ,NELCAST,Nelcast Limited, ,03/08/2021,09/08/2021,30/07/2021, , ,AGM/DIV - RS 0.20 PER SH 
EQ,INDIANB,Indian Bank,09/07/2021, , ,08/07/2021, , ,AGM/DIV - RS 2 PER SH    
EQ,MINDTREE,MindTree Limited, ,07/07/2021,13/07/2021,05/07/2021, , ,AGM/DIV - RS 17.50 PERSH 
EQ,COLPAL,Colgate Palmolive (India), ,23/07/2021,29/07/2021,20/07/2021, , ,ANNUAL GENERAL MEETING   
EQ,SUBEXLTD,Subex Ltd,02/07/2021, , ,01/07/2021, , ,AGM/DIV - RS 0.25 PER SH 
EQ,JYOTHYLAB,Jyothy Labs Limited, ,23/07/2021,30/07/2021,20/07/2021, , ,AGM/DIV - RS 4 PER SH    
EQ,RANEENGINE,Rane Engine Valve Limited,15/07/2021, , ,14/07/2021, , ,ANNUAL GENERAL MEETING   
EQ,ZYDUSWELL,Zydus Wellness Limited, ,16/07/2021,23/07/2021,14/07/2021, , ,AGM/DIV - RS 5 PER SH    
EQ,VINYLINDIA,Vinyl Chemicals (India) L, ,06/08/2021,12/08/2021,04/08/2021, , ,AGM/DIV-RS 3.75 PER SH   
EQ,ASTEC,Astec LifeSciences Ltd, ,24/07/2021,27/07/2021,22/07/2021, , ,AGM/DIV - RS 1.50 PER SH 
EQ,UBL,United Breweries Limited, ,03/07/2021,09/07/2021,01/07/2021, , ,AGM/DIV-RS 0.50 PER SH   
EQ,TANTIACONS,Tantia Constructions Limi, ,20/07/2021,26/07/2021,16/07/2021, , ,ANNUAL GENERAL MEETING   
EQ,HERCULES,Hercules Hoists Limited, ,03/08/2021,10/08/2021,30/07/2021, , ,AGM/DIV-RS 1.50 PER SH   
EQ,GILLANDERS,Gillanders Arbuthnot Ltd, ,06/08/2021,13/08/2021,04/08/2021, , ,ANNUAL GENERAL MEETING   
EQ,DLINKINDIA,D-Link India Ltd, ,21/08/2021,27/08/2021,18/08/2021, , ,AGM/DIV - RS 1.80 PER SH 
EQ,OFSS,Oracle Fin Serv Soft Ltd., ,29/07/2021,04/08/2021,27/07/2021, , ,ANNUAL GENERAL MEETING   
EQ,VINATIORGA,Vinati Organics Limited, ,26/06/2021,03/07/2021,24/06/2021, , ,AGM/DIV - RS 6 PER SH    
EQ,ABBOTINDIA,Abbott India Limited, ,21/07/2021,27/07/2021,19/07/2021, , ,AGM/DIVRS120SPLDIVRS155  
EQ,BOSCHLTD,Bosch Limited, ,14/07/2021,05/08/2021,12/07/2021, , ,AGM/DIV - RS 115 PER SH  
EQ,ADANIPOWER,Adani Power Limited, ,06/07/2021,13/07/2021,02/07/2021, , ,ANNUAL GENERAL MEETING   
EQ,BAJAJHLDNG,Bajaj Holdings & Invs Ltd, ,10/07/2021,22/07/2021,08/07/2021, , ,AGM/DIV - RS 40 PER SH   
EQ,BIRLAMONEY,Aditya Birla Money Ltd, ,24/07/2021,30/07/2021,22/07/2021, , ,ANNUAL GENERAL MEETING   
EQ,VGUARD,V-Guard Industries Limite, ,30/07/2021,05/08/2021,28/07/2021, , ,AGM/DIV - RS 1.20 PER SH 
EQ,UNITEDTEA,United Nilgiri Tea Ltd, ,07/08/2021,13/08/2021,05/08/2021, , ,AGM/DIV-RS 1.70 PER SH   
EQ,COROMANDEL,Coromandel Internl Ltd., ,17/07/2021,26/07/2021,15/07/2021, , ,AGM/DIV - RS 6 PER SH    
EQ,EIHAHOTELS,EIH Associated Hotels, ,20/07/2021,22/07/2021,16/07/2021, , ,ANNUAL GENERAL MEETING   
EQ,BAJAJFINSV,Bajaj Finserv Limited, ,10/07/2021,21/07/2021,08/07/2021, , ,AGM/DIV - RS 3  PER SH   
EQ,BAJAJ-AUTO,Bajaj Auto Limited, ,10/07/2021,22/07/2021,08/07/2021, , ,AGM/DIV - RS 140 PER SH  
EQ,SOLARINDS,Solar Industries (I) Ltd, ,21/08/2021,31/08/2021,18/08/2021, , ,AGM/DIV - RS 6 PER SH    
EQ,MAYURUNIQ,Mayur Uniquoters Ltd, ,09/07/2021,10/07/2021,07/07/2021, , ,AGM/DIV - RS 2 PER SH    
EQ,RBL,Rane Brake Lining Limited,19/07/2021, , ,16/07/2021, , ,AGM/DIV - RS 25 PER SH   
EQ,AKZOINDIA,Akzo Nobel India Limited, ,07/08/2021,13/08/2021,05/08/2021, , ,AGM/DIV - RS 30 PER SH   
EQ,PSB,Punjab & Sind Bank, ,14/07/2021,20/07/2021,12/07/2021, , ,ANNUAL GENERAL MEETING   
EQ,PERSISTENT,Persistent Systems Ltd, ,15/07/2021,21/07/2021,13/07/2021, , ,ANNUAL GENERAL MEETING   
EQ,CHOLAFIN,Cholamandalam In & Fin Co, ,26/07/2021,30/07/2021,22/07/2021, , ,AGM/DIV - RS 0.70 PER SH 
EQ,KIRLOSIND,Kirloskar Industries Limi, ,04/08/2021,10/08/2021,02/08/2021, , ,AGM/DIV - RS 10 PER SH   
EQ,GPPL,Gujarat Pipavav Port Ltd, ,07/08/2021,13/08/2021,05/08/2021, , ,DIV - RS 2.40 PER SH     
EQ,IMFA,Indian Metals & Ferro, ,23/07/2021,24/07/2021,20/07/2021, , ,AGM/DIV - RS 7 PER SH    
EQ,BAJFINANCE,Bajaj Finance Limited, ,10/07/2021,20/07/2021,08/07/2021, , ,AGM/DIV - RS 10 PER SH   
EQ,SMLISUZU,SML Isuzu Limited, ,23/07/2021,30/07/2021,20/07/2021, , ,ANNUAL GENERAL MEETING   
EQ,MAANALU,Maan Aluminium Limited, ,17/07/2021,23/07/2021,15/07/2021, , ,ANNUAL GENERAL MEETING   
EQ,MAANALU,Maan Aluminium Limited,03/08/2021, , ,02/08/2021, , ,BONUS 1:1                
EQ,ELGIRUBCO,Elgi Rubber Co. Ltd, ,20/08/2021,26/08/2021,17/08/2021, , ,ANNUAL GENERAL MEETING   
EQ,L&TFH,L&T Finance Holdings Ltd, ,22/07/2021,28/07/2021,19/07/2021, , ,ANNUAL GENERAL MEETING   
EQ,TCIDEVELOP,TCI Developers Limited, ,23/07/2021,28/07/2021,20/07/2021, , ,ANNUAL GENERAL MEETING   
EQ,LALPATHLAB,Dr. Lal Path Labs Ltd.,22/07/2021, , ,20/07/2021, , ,AGM/DIV - RS 8 PER SH    
EQ,WABCOINDIA,WABCO India Limited,13/08/2021, , ,12/08/2021, , ,DIV - RS 11 PER SH       
EQ,KOKUYOCMLN,Kokuyo Camlin Limited, ,27/08/2021,31/08/2021,25/08/2021, , ,ANNUAL GENERAL MEETING   
EQ,HEROMOTOCO,Hero MotoCorp Limited, ,24/07/2021,04/08/2021,22/07/2021, , ,AGM/DIV-RS25/SPLDIV-RS10 
EQ,APLLTD,Alembic Pharma Ltd, ,21/07/2021,27/07/2021,19/07/2021, , ,AGM/DIV - RS 14 PER SH   
EQ,MINDACORP,Minda Corporation Ltd, ,05/07/2021,09/07/2021,01/07/2021, , ,DIV - RS 0.35 PER SH     
EQ,HIL,HIL Limited, ,24/07/2021,30/07/2021,22/07/2021, , ,AGM/DIV - RS 25 PER SH   
EQ,PEL,Piramal Enterprises Ltd.,07/07/2021, , ,06/07/2021, , ,DIV - RS 33 PER SH       
EQ,ORIENTCEM,Orient Cement Ltd., ,30/07/2021,05/08/2021,28/07/2021, , ,AGM/DIV - RS 1.50 PER SH 
EQ,VAIBHAVGBL,Vaibhav Gems Limited, ,02/07/2021,02/07/2021,30/06/2021, , ,AGM/DIV - RS 1.50 PER SH 
EQ,PRESSMN,Nucent Finance Limited, ,20/07/2021,26/07/2021,16/07/2021, , ,ANNUAL GENERAL MEETING   
EQ,PRESSMN,Nucent Finance Limited,19/07/2021, , ,16/07/2021, , ,DIV - RE 1 PER SH        
EQ,DCMSHRIRAM,DCM Shriram Limited,09/07/2021, , ,08/07/2021, , ,DIV - RS 3.80 PER SH     
EQ,RAMCOCEM,Ramco Cements Ltd.,12/08/2021, , ,11/08/2021, , ,ANNUAL GENERAL MEETING   
EQ,NATHBIOGEN,Nath Bio-Genes (I) Ltd, ,22/08/2021,27/08/2021,18/08/2021, , ,AGM/DIV - RS 2 PER SH    
EQ,AGRITECH,Agri-Tech (India) Limited, ,24/07/2021,29/07/2021,22/07/2021, , ,ANNUAL GENERAL MEETING   
EQ,BUTTERFLY,Btrfly Gandhi Appl Ltd, ,23/07/2021,29/07/2021,20/07/2021, , ,ANNUAL GENERAL MEETING   
EQ,PDSMFL,PDS Multinational Fas Ltd, ,24/07/2021,30/07/2021,22/07/2021, , ,AGM/DIV-RS 15.75 PER SH  
EQ,TECHIN,Techindia Nirman Limited, ,24/07/2021,29/07/2021,22/07/2021, , ,ANNUAL GENERAL MEETING   
EQ,SHARDACROP,Sharda Cropchem Limited,22/07/2021, , ,20/07/2021, , ,DIV - RS 3 PER SH        
EQ,DTIL,Dhunseri Tea & Ind. Ltd., ,03/07/2021,05/07/2021,01/07/2021, , ,AGM/DIV - RS 5 PER SH    
EQ,FCL,Fineotex Chemical Limited,09/07/2021, , ,08/07/2021, , ,AGM/DIV-RS 0.30 PER SH   
EQ,CAMLINFINE,Camlin Fine Sciences Ltd, ,14/07/2021,20/07/2021,12/07/2021, , ,ANNUAL GENERAL MEETING   
EQ,VISHNU,Vishnu Chemicals Limited,02/07/2021, , ,01/07/2021, , ,AGM/DIV - RS 1 PER SH    
EQ,JMA,Jullundur Mot Agency Ltd, ,18/08/2021,24/08/2021,13/08/2021, , ,AGM/DIV - RS 2 PER SH    
EQ,BHAGERIA,Bhageria Industries Ltd, ,25/07/2021,31/07/2021,22/07/2021, , ,AGM/DIV-RS 3.50 PER SH   
EQ,SYNGENE,Syngene International Ltd,14/07/2021, , ,13/07/2021, , ,ANNUAL GENERAL MEETING   
EQ,ALKEM,Alkem Laboratories Ltd.,10/08/2021, , ,09/08/2021, , ,DIV - RS 5 PER SH        
EQ,PRECAM,Precision Camshafts Ltd., ,20/07/2021,27/07/2021,16/07/2021, , ,AGM/DIV - RE 1 PER SH    
EQ,ADANITRANS,Adani Transmission Ltd, ,06/07/2021,13/07/2021,02/07/2021, , ,ANNUAL GENERAL MEETING   
EQ,SHRIPISTON,Shriram Pist. & Ring Ltd, ,30/06/2021,06/07/2021,28/06/2021, , ,ANNUAL GENERAL MEETING   
EQ,CONTROLPR,Control Print Limited,12/07/2021, , ,09/07/2021, , ,AGM/DIV-RS 4.50 PER SH   
EQ,LTI,L&T Infotech Limited,02/07/2021, , ,01/07/2021, , ,DIV - RS 25 PER SH       
EQ,PDMJEPAPER,Pudumjee Paper Pro. Ltd, ,14/08/2021,21/08/2021,12/08/2021, , ,AGM/DIV - RE 0.30 PER SH 
EQ,LSIL,Lloyds Steels Ind. Ltd., ,09/07/2021,15/07/2021,07/07/2021, , ,ANNUAL GENERAL MEETING   
EQ,BALKRISHNA,Balkrshna Paper Mills Ltd, ,17/07/2021,23/07/2021,15/07/2021, , ,ANNUAL GENERAL MEETING   
EQ,CROMPTON,Crompt Grea Con Elec Ltd,09/07/2021, , ,08/07/2021, , ,AGM/DIV - RS 2.50 PER SH 
EQ,KIRLFER,Kirloskar Ferrous Ind Ltd, ,18/07/2021,27/07/2021,15/07/2021, , ,AGM/DIV-RS 3 PER SH      
EQ,GPTINFRA,GPT Infraprojects Ltd, ,13/08/2021,19/08/2021,11/08/2021, , ,AGM/DIV - RE 1 PER SH    
EQ,LTTS,L&T Technology Ser. Ltd., ,10/07/2021,16/07/2021,08/07/2021, , ,AGM/DIV-RS 14.50 PER SH  
EQ,SHANKARA,Shankara Bldg Product Ltd, ,27/07/2021,29/07/2021,23/07/2021, , ,ANNUAL GENERAL MEETING   
EQ,GODREJAGRO,Godrej Agrovet Limited, ,06/08/2021,09/08/2021,04/08/2021, , ,AGM/DIV - RS 8 PER SH    
EQ,TCPLPACK,TCPL Packaging Limited, ,21/08/2021,27/08/2021,18/08/2021, , ,AGM/DIV - RS 7.35 PER SH 
EQ,LAURUSLABS,Laurus Labs Limited, ,09/07/2021,15/07/2021,07/07/2021, , ,ANNUAL GENERAL MEETING   
EQ,TIINDIA,Tube Invest of India Ltd, ,06/08/2021,13/08/2021,04/08/2021, , ,AGM/DIV-RS 1.50 PER SH   
EQ,GREENPANEL,Greenpanel Industries Ltd, ,01/07/2021,07/07/2021,29/06/2021, , ,ANNUAL GENERAL MEETING   
EQ,MAHLOG,Mahindra Logistic Limited, ,21/07/2021,27/07/2021,19/07/2021, , ,DIV - RS 2.50  PER SH    
EQ,IFGLEXPOR,IFGL Refractories Limited, ,31/07/2021,07/08/2021,29/07/2021, , ,AGM/DIV-RS 4/SPLDIV-RS 6 
EQ,HITECHCORP,Hitech Corporation Ltd,22/07/2021, , ,20/07/2021, , ,DIV - RE 1 PER SH        
EQ,BSE,BSE Limited,06/08/2021, , ,05/08/2021, , ,DIV - RS 21 PER SH       
EQ,CHEMBOND,Chembond Chemicals Ltd, ,09/07/2021,16/07/2021,07/07/2021, , ,AGM/DIV-RS 2.25 PER SH   
EQ,TATASTLLP,Tata Steel Long Pro Ltd, ,24/07/2021,05/08/2021,22/07/2021, , ,AGM/DIV - RS 5 PER SH    
EQ,ENDURANCE,Endurance Techno. Ltd., ,14/08/2021,25/08/2021,12/08/2021, , ,AGM/DIV - RS 6 PER SH    
EQ,SALASAR,Salasar Techno Engg. Ltd.,14/07/2021, , ,13/07/2021, , ,BONUS 1:1                
EQ,GMMPFAUDLR,GMM Pfaudler Limited, ,07/08/2021,13/08/2021,05/08/2021, , ,AGM/DIV - RS 2 PER SH    
EQ,HDFCAMC,HDFC AMC Limited, ,01/07/2021,16/07/2021,29/06/2021, , ,AGM/DIV - RS 34 PER SH   
EQ,PRIVISCL,Privi Speciality Che Ltd, ,20/08/2021,27/08/2021,17/08/2021, , ,ANNUAL GENERAL MEETING   
EQ,PRIVISCL,Privi Speciality Che Ltd,18/08/2021, , ,17/08/2021, , ,DIV - RS 2 PER SH        
EQ,DVL,Dhunseri Petrochem Limite, ,07/08/2021,13/08/2021,05/08/2021, , ,AGM/DIV - RS 2.50 PER SH 
EQ,NEWGEN,Newgen Software Tech Ltd,16/07/2021, , ,15/07/2021, , ,AGM/DIV-RS 3.50 PER SH   
EQ,AMJLAND,AMJ Land Holdings Limited, ,14/08/2021,21/08/2021,12/08/2021, , ,AGM/DIV - RE 0.20 PER SH 
EQ,3PLAND,3P Land Holdings Limited, ,20/08/2021,31/08/2021,17/08/2021, , ,ANNUAL GENERAL MEETING   
EQ,FINEORG,Fine Organic Ind. Ltd., ,18/08/2021,24/08/2021,13/08/2021, , ,AGM/DIV RS 6/SPLDIV RS 5 
EQ,SUNDARMHLD,Sundaram Finance Hold Ltd, ,01/07/2021,14/07/2021,29/06/2021, , ,AGM/DIV - RS 0.50 PER SH 
EQ,BANDHANBNK,Bandhan Bank Limited, ,31/07/2021,06/08/2021,29/07/2021, , ,AGM/DIV - RE 1 PER SH    
EQ,ORIENTELEC,Orient Electric Limited, ,23/07/2021,29/07/2021,20/07/2021, , ,AGM/DIV - RS 1.25 PER SH 
EQ,ADANIGREEN,Adani Green Energy Ltd, ,06/07/2021,13/07/2021,02/07/2021, , ,ANNUAL GENERAL MEETING   
EQ,MAHEPC,Mahindra EPC Irrig Ltd, ,16/07/2021,22/07/2021,14/07/2021, , ,AGM/DIV - RS 1.20 PER SH 
EQ,SUVENPHAR,Suven Pharmaceuticals Ltd,17/08/2021, , ,13/08/2021, , ,AGM/DIV - RE 1 PER SH    
EQ,ARTEMISMED,Artemis Med Services Ltd, ,14/07/2021,20/07/2021,12/07/2021, , ,ANNUAL GENERAL MEETING   
EQ,HAPPSTMNDS,Happiest Minds Techno Ltd, ,01/07/2021,07/07/2021,29/06/2021, , ,AGM/DIV - RS 3 PER SH    
EQ,CAMS,Computer Age Mngt Ser Ltd,29/07/2021, , ,28/07/2021, , ,DIV - RS 11.84 PER SH    
EQ,KHAICHEM,Khaitan Chem & Fert Ltd, ,01/07/2021,07/07/2021,29/06/2021, , ,AGM/DIV - RE 0.15 PER SH 
EQ,CHOLAHLDNG,Cholamandalam Fin Hol Ltd, ,29/07/2021,04/08/2021,27/07/2021, , ,AGM/DIV - RS 0.55 PER SH 
EQ,BSOFT,BIRLASOFT LIMITED,16/07/2021, , ,15/07/2021, , ,DIV - RS 2.50 PER SH     
EQ,OAL,Oriental Aromatics Limite, ,20/07/2021,27/07/2021,16/07/2021, , ,ANNUAL GENERAL MEETING   
EQ,LXCHEM,Laxmi Organic Indus Ltd,15/07/2021, , ,14/07/2021, , ,DIV - RS 0.50 PER SH     
EQ,SMCGLOBAL,SMC Global Securities Ltd, ,17/07/2021,21/07/2021,15/07/2021, , ,DIV - RE 0.80 PER SH     
EQ,MTARTECH,MTAR Technologies Limited,23/07/2021, , ,22/07/2021, , ,AGM/DIV - RS 3 PER SH    
EQ,GLAND,Gland Pharma Limited,10/08/2021, , ,09/08/2021, , ,ANNUAL GENERAL MEETING   
GS,824GS2027,GOI LOAN 8.24%2027,13/08/2021, , ,12/08/2021, , ,INTEREST PAYMENT         
GS,732GS2024,GOVERNMENT OF INDIA,26/07/2021, , ,23/07/2021, , ,INTEREST PAYMENT         
GS,828GS2032,GOI LOAN 8.28%2032,13/08/2021, , ,12/08/2021, , ,INTEREST PAYMENT         
GS,82GS2022,GOI LOAN 8.20%2022,13/08/2021, , ,12/08/2021, , ,INTEREST PAYMENT         
GS,832GS2032,GOI LOAN 8.32% 2032,31/07/2021, , ,29/07/2021, , ,INTEREST PAYMENT         
GS,833GS2026,GOI LOAN 8.33% 2026,07/07/2021, , ,06/07/2021, , ,INTEREST PAYMENT         
GS,84GS2024,GOI LOAN 8.40% 2024,26/07/2021, , ,23/07/2021, , ,INTEREST PAYMENT         
GS,726GS2029,GOI LOAN 7.26% 2029,12/07/2021, , ,09/07/2021, , ,INTEREST PAYMENT         
GS,587GS2022,GOI 5.87% 2022,26/08/2021, , ,25/08/2021, , ,INTEREST PAYMENT         
GS,683GS2039,GOI 6.83% 2039,17/07/2021, , ,15/07/2021, , ,INTEREST PAYMENT         
GS,717GS2028,GOI LOAN 7.17% 2028,06/07/2021, , ,05/07/2021, , ,INTEREST PAYMENT         
GS,759GS2026,GOI LOAN 7.59% 2026,09/07/2021, , ,08/07/2021, , ,INTEREST PAYMENT         
GS,75GS2034,GOI LOAN 7.50% 2034,07/08/2021, , ,05/08/2021, , ,INTEREST PAYMENT         
GS,795GS2032,GOI LOAN 7.95% 2032,26/08/2021, , ,25/08/2021, , ,INTEREST PAYMENT         
GS,808GS2022,GOI LOAN 8.08% 2022,31/07/2021, , ,29/07/2021, , ,INTEREST PAYMENT         
GS,617GS2021,GOI LOAN 6.17% 2021,13/07/2021, , , , , ,INT PAYMENT/REDEMPTN     
GS,577GS2030,GOI LOAN   5.77% 2030,31/07/2021, , ,29/07/2021, , ,INTEREST PAYMENT         
GS,826GS2027,GOI LOAN 8.26% 2027,31/07/2021, , ,29/07/2021, , ,INTEREST PAYMENT         
M2,L&TFINANCE,L,08/07/2021, , ,01/07/2021,01/07/2021,07/07/2021,INTEREST PAYMENT         
M3,L&TFINANCE,L,08/07/2021, , ,01/07/2021,01/07/2021,07/07/2021,INTEREST PAYMENT         
M6,L&TFINANCE,L,08/07/2021, , ,01/07/2021,01/07/2021,07/07/2021,INTEREST PAYMENT         
M7,L&TFINANCE,L,08/07/2021, , ,01/07/2021,01/07/2021,07/07/2021,INTEREST PAYMENT         
MF,H1124D41RD,HDFCAMC - H1124D41RD,20/07/2021, , , , , ,DIV/REDEMPTION           
MF,IMFFM32BRG,RELIGARAMC - IMFFM32BRG,02/07/2021, , , , , ,DIV/REDEMPTION           
MF,IMFFM32BRD,RELIGARAMC - IMFFM32BRD,02/07/2021, , , , , ,DIV/REDEMPTION           
MF,IMFFM32BDG,RELIGARAMC - IMFFM32BDG,02/07/2021, , , , , ,DIV/REDEMPTION           
MF,IMFFM32BDD,RELIGARAMC - IMFFM32BDD,02/07/2021, , , , , ,DIV/REDEMPTION           
MF,ABSLFTQLDQ,BIRLASLAMC - ABSLFTQLDQ,09/07/2021, , , , , ,REDEMPTION               
MF,UTIRMP29P9,UTIAMC - UTIRMP29P9,15/07/2021, , , , , ,DIV/REDEMPTION           
MF,UTIDQP29P9,UTIAMC - UTIDQP29P9,15/07/2021, , , , , ,DIV/REDEMPTION           
MF,UTIDAP29P9,UTIAMC - UTIDAP29P9,15/07/2021, , , , , ,DIV/REDEMPTION           
MF,IMFFM32CDG,RELIGARAMC - IMFFM32CDG,29/07/2021, , , , , ,DIV/REDEMPTION           
MF,IMFFM32CRG,RELIGARAMC - IMFFM32CRG,29/07/2021, , , , , ,DIV/REDEMPTION           
MF,IMFFM32CRD,RELIGARAMC - IMFFM32CRD,29/07/2021, , , , , ,DIV/REDEMPTION           
MF,H1122D41RG,HDFCAMC - H1122D41RG,26/07/2021, , , , , ,REDEMPTION               
MF,H1122D41DQ,HDFCAMC - H1122D41DQ,26/07/2021, , , , , ,DIV/REDEMPTION           
MF,H1122D41DD,HDFCAMC - H1122D41DD,26/07/2021, , , , , ,DIV/REDEMPTION           
MF,H1122D41DG,HDFCAMC - H1122D41DG,26/07/2021, , , , , ,REDEMPTION               
MF,H1122D41RD,HDFCAMC - H1122D41RD,26/07/2021, , , , , ,DIV/REDEMPTION           
MF,H1122D41RQ,HDFCAMC - H1122D41RQ,26/07/2021, , , , , ,DIV/REDEMPTION           
MF,ABSLFTQLRN,BIRLASLAMC - ABSLFTQLRN,09/07/2021, , , , , ,REDEMPTION               
MF,ABSLFTQLRG,BIRLASLAMC - ABSLFTQLRG,09/07/2021, , , , , ,REDEMPTION               
MF,ABSLFTQLDG,BIRLASLAMC - ABSLFTQLDG,09/07/2021, , , , , ,REDEMPTION               
MF,ABSLFTQLRQ,BIRLASLAMC - ABSLFTQLRQ,09/07/2021, , , , , ,REDEMPTION               
MF,UTIRAP29P9,UTIAMC - UTIRAP29P9,15/07/2021, , , , , ,DIV/REDEMPTION           
MF,UTIDGR29P9,UTIAMC - UTIDGR29P9,15/07/2021, , , , , ,REDEMPTION               
MF,UTIRQP29P9,UTIAMC - UTIRQP29P9,15/07/2021, , , , , ,DIV/REDEMPTION           
MF,UTIDMP29P9,UTIAMC - UTIDMP29P9,15/07/2021, , , , , ,DIV/REDEMPTION           
MF,UTIRGR29P9,UTIAMC - UTIRGR29P9,15/07/2021, , , , , ,REDEMPTION               
MF,UTIRAP29P8,UTIAMC - UTIRAP29P8,15/07/2021, , , , , ,DIV/REDEMPTION           
MF,UTIDAP29P8,UTIAMC - UTIDAP29P8,15/07/2021, , , , , ,DIV/REDEMPTION           
MF,ABSLFTQKDQ,BIRLASLAMC - ABSLFTQKDQ,07/07/2021, , , , , ,REDEMPTION               
MF,ABSLFTQKRG,BIRLASLAMC - ABSLFTQKRG,07/07/2021, , , , , ,REDEMPTION               
MF,ABSLFTQKRN,BIRLASLAMC - ABSLFTQKRN,07/07/2021, , , , , ,REDEMPTION               
MF,IKDG,SUNDARMAMC - IKDG, ,14/07/2021,14/07/2021, , , ,REDEMPTION               
MF,IKRD,SUNDARMAMC - IKRD, ,14/07/2021,14/07/2021, , , ,REDEMPTION               
MF,IKRG,SUNDARMAMC - IKRG, ,14/07/2021,14/07/2021, , , ,REDEMPTION               
MF,IKDD,SUNDARMAMC - IKDD, ,14/07/2021,14/07/2021, , , ,REDEMPTION               
MF,UTIDMP29P8,UTIAMC - UTIDMP29P8,15/07/2021, , , , , ,DIV/REDEMPTION           
MF,UTIDFP29P8,UTIAMC - UTIDFP29P8,15/07/2021, , , , , ,DIV/REDEMPTION           
MF,UTIRFP29P8,UTIAMC - UTIRFP29P8,15/07/2021, , , , , ,DIV/REDEMPTION           
MF,UTIDGR29P8,UTIAMC - UTIDGR29P8,15/07/2021, , , , , ,REDEMPTION               
MF,UTIRGR29P8,UTIAMC - UTIRGR29P8,15/07/2021, , , , , ,REDEMPTION               
MF,UTIDQP29P8,UTIAMC - UTIDQP29P8,15/07/2021, , , , , ,DIV/REDEMPTION           
MF,UTIRQP29P8,UTIAMC - UTIRQP29P8,15/07/2021, , , , , ,DIV/REDEMPTION           
MF,UTRGR29P11,UTIAMC - UTRGR29P11,15/07/2021, , , , , ,REDEMPTION               
MF,UTDGR29P11,UTIAMC - UTDGR29P11,15/07/2021, , , , , ,REDEMPTION               
MF,UTDFP29P11,UTIAMC - UTDFP29P11,15/07/2021, , , , , ,DIV/REDEMPTION           
MF,UTDMP29P11,UTIAMC - UTDMP29P11,15/07/2021, , , , , ,DIV/REDEMPTION           
MF,UFDHIPIPII,UTIAMC - UFDHIPIPII,19/07/2021, , , , , ,DIV/STP                  
MF,UTFDQIPIPI,UTIAMC - UTFDQIPIPI,07/07/2021, , , , , ,DIV/STP                  
MF,UTFDQIPIGI,UTIAMC - UTFDQIPIGI,07/07/2021, , , , , ,STP                      
MF,UTFIQIPRPI,UTI-FIIF QIP - I - RDP,07/07/2021, , , , , ,DIV/STP                  
MF,UTFIQIPRRI,UTI-FIIF QIP - I - RDR,07/07/2021, , , , , ,DIV/STP                  
MF,UTFIQIPRGI,UTI-FIIF QIP - I - RG,07/07/2021, , , , , ,STP                      
MF,UFIS2QPRP7,UTI-FIIF II-QIP- VII-RDP,19/07/2021, , , , , ,DIV/STP                  
MF,UFIS2QPRR7,UTI-FIIF II-QIP- VII-RDR,19/07/2021, , , , , ,DIV/STP                  
MF,UFIS2QPRG7,UTI-FIIF II-QIP- VII-RG,19/07/2021, , , , , ,STP                      
MF,UTFIHIPRPI,UTI-FIIF - HYIP - I - RDP,19/07/2021, , , , , ,DIV/STP                  
MF,UTFIHIPRRI,UTI-FIIF - HYIP - I - RDR,19/07/2021, , , , , ,DIV/STP                  
MF,UTFIHIPRGI,UTI-FIIF - HYIP - I - RG,19/07/2021, , , , , ,STP                      
MF,UFDS2QPIR7,UTIAMC - UFDS2QPIR7,19/07/2021, , , , , ,DIV/STP                  
MF,UFDS2QPRP7,UTIAMC - UFDS2QPRP7,19/07/2021, , , , , ,STP                      
MF,UTFDHIPIRI,UTIAMC - UTFDHIPIRI,19/07/2021, , , , , ,DIV/STP                  
MF,UTFDHIPIGI,UTIAMC - UTFDHIPIGI,19/07/2021, , , , , ,STP                      
MF,UFDS2QPIP7,UTIAMC - UFDS2QPIP7,19/07/2021, , , , , ,DIV/STP                  
MF,UTFDQIPIRI,UTIAMC - UTFDQIPIRI,07/07/2021, , , , , ,DIV/STP                  
MF,SC6DD,SUNDARMAMC - SC6DD, ,19/07/2021,19/07/2021, , , ,REDEMPTION               
MF,SC6DG,SUNDARMAMC - SC6DG, ,19/07/2021,19/07/2021, , , ,REDEMPTION               
MF,SC6RD,SUNDARMAMC - SC6RD, ,19/07/2021,19/07/2021, , , ,REDEMPTION               
MF,SC6RG,SUNDARMAMC - SC6RG, ,19/07/2021,19/07/2021, , , ,REDEMPTION               
MF,IMFFM32ADG,RELIGARAMC - IMFFM32ADG,05/07/2021, , , , , ,DIV/REDEMPTION           
MF,IMFFM32ARG,RELIGARAMC - IMFFM32ARG,05/07/2021, , , , , ,DIV/REDEMPTION           
MF,UTIRQP29P7,UTIAMC - UTIRQP29P7,15/07/2021, , , , , ,DIV/REDEMPTION           
MF,UTIDQP29P7,UTIAMC - UTIDQP29P7,15/07/2021, , , , , ,DIV/REDEMPTION           
MF,UTIDGR29P7,UTIAMC - UTIDGR29P7,15/07/2021, , , , , ,REDEMPTION               
MF,UTIRGR29P7,UTIAMC - UTIRGR29P7,15/07/2021, , , , , ,REDEMPTION               
MF,UTIRAP29P7,UTIAMC - UTIRAP29P7,15/07/2021, , , , , ,DIV/REDEMPTION           
MF,H1183D39RQ,HDFCAMC - H1183D39RQ,07/07/2021, , , , , ,DIV/REDEMPTION           
MF,H1183D39RG,HDFCAMC - H1183D39RG,07/07/2021, , , , , ,REDEMPTION               
MF,H1183D39DQ,HDFCAMC - H1183D39DQ,07/07/2021, , , , , ,DIV/REDEMPTION           
MF,H1183D39DG,HDFCAMC - H1183D39DG,07/07/2021, , , , , ,REDEMPTION               
MF,H1183D39DD,HDFCAMC - H1183D39DD,07/07/2021, , , , , ,DIV/REDEMPTION           
MF,H1183D39RD,HDFCAMC - H1183D39RD,07/07/2021, , , , , ,DIV/REDEMPTION           
MF,H1181D40DD,HDFCAMC - H1181D40DD,15/07/2021, , , , , ,DIV/REDEMPTION           
MF,H1181D40DG,HDFCAMC - H1181D40DG,15/07/2021, , , , , ,REDEMPTION               
MF,H1181D40DQ,HDFCAMC - H1181D40DQ,15/07/2021, , , , , ,DIV/REDEMPTION           
MF,H1181D40RG,HDFCAMC - H1181D40RG,15/07/2021, , , , , ,REDEMPTION               
MF,H1181D40RQ,HDFCAMC - H1181D40RQ,15/07/2021, , , , , ,DIV/REDEMPTION           
MF,H1181D40RD,HDFCAMC - H1181D40RD,15/07/2021, , , , , ,DIV/REDEMPTION           
MF,ABSLFTQJDG,BIRLASLAMC - ABSLFTQJDG,05/07/2021, , , , , ,REDEMPTION               
MF,ABSLFTQJRG,BIRLASLAMC - ABSLFTQJRG,05/07/2021, , , , , ,REDEMPTION               
MF,ABSLFTQJRN,BIRLASLAMC - ABSLFTQJRN,05/07/2021, , , , , ,REDEMPTION               
MF,UTIRGR29P6,UTIAMC - UTIRGR29P6,06/07/2021, , , , , ,REDEMPTION               
MF,UTIDAP29P6,UTIAMC - UTIDAP29P6,06/07/2021, , , , , ,DIV/REDEMPTION           
MF,UTIDGR29P6,UTIAMC - UTIDGR29P6,06/07/2021, , , , , ,REDEMPTION               
MF,UTIRAP29P6,UTIAMC - UTIRAP29P6,06/07/2021, , , , , ,DIV/REDEMPTION           
MF,LTMFEOF2D,LTAMC - LTMFEOF2D, ,12/07/2021,12/07/2021, , , ,REDEMPTION               
MF,LTMFEOF2R,LTAMC - LTMFEOF2R, ,12/07/2021,12/07/2021, , , ,REDEMPTION               
MF,H1124D41DG,HDFCAMC - H1124D41DG,20/07/2021, , , , , ,REDEMPTION               
MF,H1124D41RG,HDFCAMC - H1124D41RG,20/07/2021, , , , , ,REDEMPTION               
MF,H1124D41RQ,HDFCAMC - H1124D41RQ,20/07/2021, , , , , ,DIV/REDEMPTION           
MF,ABSLFTQKDG,BIRLASLAMC - ABSLFTQKDG,07/07/2021, , , , , ,REDEMPTION               
MF,ABSLFTQJRQ,BIRLASLAMC - ABSLFTQJRQ,05/07/2021, , , , , ,REDEMPTION               
MF,H1124D41DQ,HDFCAMC - H1124D41DQ,20/07/2021, , , , , ,DIV/REDEMPTION           
MF,H1124D41DD,HDFCAMC - H1124D41DD,20/07/2021, , , , , ,DIV/REDEMPTION           
MH,SRTRANSFIN,Sec Red NCD 8.93% Sr. I,28/08/2021, , ,23/08/2021,23/08/2021,27/08/2021,INTEREST PAYMENT         
MH,SRTRANSFIN,Sec Red NCD 8.93% Sr. I,28/07/2021, , ,20/07/2021,20/07/2021,27/07/2021,INTEREST PAYMENT         
MI,SRTRANSFIN,Sec Red NCD 9.03% Sr. II,28/07/2021, , ,20/07/2021,20/07/2021,27/07/2021,INTEREST PAYMENT         
MI,SRTRANSFIN,Sec Red NCD 9.03% Sr. II,28/08/2021, , ,23/08/2021,23/08/2021,27/08/2021,INTEREST PAYMENT         
MO,SRTRANSFIN,Sec Red NCD 9.12% Sr. I,16/07/2021, , ,15/07/2021, , ,INTEREST PAYMENT         
MO,SRTRANSFIN,Sec Red NCD 9.12% Sr. I,15/08/2021, , ,12/08/2021, , ,INTEREST PAYMENT         
MP,SRTRANSFIN,Sec Red NCD 9.30% Sr. II,16/07/2021, , ,15/07/2021, , ,INTEREST PAYMENT         
MP,SRTRANSFIN,Sec Red NCD 9.30% Sr. II,15/08/2021, , ,12/08/2021, , ,INTEREST PAYMENT         
MV,SRTRANSFIN,Shriram Transport Finance,15/07/2021, , ,14/07/2021, , ,INTEREST PAYMENT         
MV,SRTRANSFIN,Shriram Transport Finance,15/08/2021, , ,12/08/2021, , ,INTEREST PAYMENT         
MW,SRTRANSFIN,Shriram Transport Finance,15/08/2021, , ,12/08/2021, , ,INTEREST PAYMENT         
MW,SRTRANSFIN,Shriram Transport Finance,15/07/2021, , ,14/07/2021, , ,INTEREST PAYMENT         
N3,EHFLNCD,Sec Red NCD 9.75% Sr. III,05/07/2021, , , , , ,INTPAYMENT/REDEMP        
N3,DHANILOANS,Dhani Loans & Serv Ltd,24/07/2021, , ,22/07/2021, , ,INTEREST PAYMENT         
N4,EHFLNCD,Sec Red NCD Sr. IV,05/07/2021, , , , , ,INTPAYMENT/REDEMP        
N5,EHFLNCD,Sec Red NCD 9.57% Sr. V,26/07/2021, , ,23/07/2021, , ,INTEREST PAYMENT         
N6,EHFLNCD,Sec Red NCD 10% Sr. VI,05/07/2021, , ,02/07/2021, , ,INTEREST PAYMENT         
N6,DHANILOANS,Dhani Loans & Serv Ltd,24/07/2021, , ,22/07/2021, , ,INTEREST PAYMENT         
N7,IBUCCREDIT,SeReNCD8.66%SrIVCIII&IV,12/07/2021, , ,09/07/2021, , ,INTEREST PAYMENT         
N8,IBULHSGFIN,Sec Red NCD 8.65% Sr. V,15/07/2021, , ,14/07/2021, , ,INTEREST PAYMENT         
NA,IBUCCREDIT,SeReNCD8.75%SrVICI&II,12/07/2021, , ,09/07/2021, , ,INTEREST PAYMENT         
NB,IBUCCREDIT,SeReNCD8.84%SrVICIII&IV,12/07/2021, , ,09/07/2021, , ,INTEREST PAYMENT         
NC,IBULHSGFIN,Uns Red NCD 8.79% Sr.VIII,15/07/2021, , ,14/07/2021, , ,INTEREST PAYMENT         
NC,DHANILOANS,Dhani Loans & Serv Ltd,12/07/2021, , ,09/07/2021, , ,INTEREST PAYMENT         
NF,DHANILOANS,Dhani Loans & Serv Ltd,12/07/2021, , ,09/07/2021, , ,INTEREST PAYMENT         
NL,DHANILOANS,Dhani Loans & Serv Ltd,22/07/2021, , ,20/07/2021, , ,INTEREST PAYMENT         
NO,DHANILOANS,Dhani Loans & Serv Ltd,22/07/2021, , ,20/07/2021, , ,INTEREST PAYMENT         
U3,EHFLNCD,Sec Red NCD 9.75% Sr. III,05/07/2021, , , , , ,INTPAYMENT/REDEMP        
U3,DHANILOANS,Dhani Loans & Serv Ltd,24/07/2021, , ,22/07/2021, , ,INTEREST PAYMENT         
U4,EHFLNCD,Sec Red NCD Sr. IV,05/07/2021, , , , , ,INTPAYMENT/REDEMP        
U5,EHFLNCD,Sec Red NCD 9.57% Sr. V,26/07/2021, , ,23/07/2021, , ,INTEREST PAYMENT         
U6,EHFLNCD,Sec Red NCD 10% Sr. VI,05/07/2021, , ,02/07/2021, , ,INTEREST PAYMENT         
U6,DHANILOANS,Dhani Loans & Serv Ltd,24/07/2021, , ,22/07/2021, , ,INTEREST PAYMENT         
U7,IBUCCREDIT,SeReNCD8.66%SrIVCIII&IV,12/07/2021, , ,09/07/2021, , ,INTEREST PAYMENT         
U8,IBULHSGFIN,Sec Red NCD 8.65% Sr. V,15/07/2021, , ,14/07/2021, , ,INTEREST PAYMENT         
UA,IBUCCREDIT,SeReNCD8.75%SrVICI&II,12/07/2021, , ,09/07/2021, , ,INTEREST PAYMENT         
UB,IBUCCREDIT,SeReNCD8.84%SrVICIII&IV,12/07/2021, , ,09/07/2021, , ,INTEREST PAYMENT         
UC,IBULHSGFIN,Uns Red NCD 8.79% Sr.VIII,15/07/2021, , ,14/07/2021, , ,INTEREST PAYMENT         
UC,DHANILOANS,Dhani Loans & Serv Ltd,12/07/2021, , ,09/07/2021, , ,INTEREST PAYMENT         
UF,DHANILOANS,Dhani Loans & Serv Ltd,12/07/2021, , ,09/07/2021, , ,INTEREST PAYMENT         
UL,DHANILOANS,Dhani Loans & Serv Ltd,22/07/2021, , ,20/07/2021, , ,INTEREST PAYMENT         
UO,DHANILOANS,Dhani Loans & Serv Ltd,22/07/2021, , ,20/07/2021, , ,INTEREST PAYMENT         
Y2,L&TFINANCE,L,08/07/2021, , ,07/07/2021, , ,INTEREST PAYMENT         
Y3,L&TFINANCE,L,08/07/2021, , ,07/07/2021, , ,INTEREST PAYMENT         
Y6,L&TFINANCE,L,08/07/2021, , ,07/07/2021, , ,INTEREST PAYMENT         
Y7,L&TFINANCE,L,08/07/2021, , ,07/07/2021, , ,INTEREST PAYMENT         
YH,SRTRANSFIN,Sec Red NCD 8.93% Sr. I,28/08/2021, , ,26/08/2021, , ,INTEREST PAYMENT         
YH,SRTRANSFIN,Sec Red NCD 8.93% Sr. I,28/07/2021, , ,27/07/2021, , ,INTEREST PAYMENT         
YI,SRTRANSFIN,Sec Red NCD 9.03% Sr. II,28/07/2021, , ,27/07/2021, , ,INTEREST PAYMENT         
YI,SRTRANSFIN,Sec Red NCD 9.03% Sr. II,28/08/2021, , ,26/08/2021, , ,INTEREST PAYMENT         
YO,SRTRANSFIN,Sec Red NCD 9.12% Sr. I,16/07/2021, , ,15/07/2021, , ,INTEREST PAYMENT         
YO,SRTRANSFIN,Sec Red NCD 9.12% Sr. I,15/08/2021, , ,12/08/2021, , ,INTEREST PAYMENT         
YP,SRTRANSFIN,Sec Red NCD 9.30% Sr. II,15/08/2021, , ,12/08/2021, , ,INTEREST PAYMENT         
YP,SRTRANSFIN,Sec Red NCD 9.30% Sr. II,16/07/2021, , ,15/07/2021, , ,INTEREST PAYMENT         
YV,SRTRANSFIN,Shriram Transport Finance,15/07/2021, , ,14/07/2021, , ,INTEREST PAYMENT         
YV,SRTRANSFIN,Shriram Transport Finance,15/08/2021, , ,12/08/2021, , ,INTEREST PAYMENT         
YW,SRTRANSFIN,Shriram Transport Finance,15/07/2021, , ,14/07/2021, , ,INTEREST PAYMENT         
YW,SRTRANSFIN,Shriram Transport Finance,15/08/2021, , ,12/08/2021, , ,INTEREST PAYMENT         
Z3,SRTRANSFIN,Sec Red NCD 9.12% Sr.I,15/07/2021, , ,14/07/2021, , ,INTEREST PAYMENT         
Z3,SRTRANSFIN,Sec Red NCD 9.12% Sr.I,15/08/2021, , ,12/08/2021, , ,INTEREST PAYMENT         
Z4,SRTRANSFIN,Sec Red NCD 9.22% Sr.II,15/07/2021, , ,14/07/2021, , ,INTEREST PAYMENT         
Z4,SRTRANSFIN,Sec Red NCD 9.22% Sr.II,15/08/2021, , ,12/08/2021, , ,INTEREST PAYMENT         
Z5,SRTRANSFIN,Sec Red NCD 9.31% Sr.III,15/07/2021, , ,14/07/2021, , ,INTEREST PAYMENT         
Z5,SRTRANSFIN,Sec Red NCD 9.31% Sr.III,15/08/2021, , ,12/08/2021, , ,INTEREST PAYMENT         
Z6,SRTRANSFIN,Sec Red NCD 9.3 Sr.IV,07/08/2021, , ,05/08/2021, , ,INTEREST PAYMENT         
Z7,SRTRANSFIN,Sec Red NCD 9.5% Sr.V,07/08/2021, , ,05/08/2021, , ,INTEREST PAYMENT         
Z8,SRTRANSFIN,Sec Red NCD 9.6% Sr.VI,07/08/2021, , ,05/08/2021, , ,INTEREST PAYMENT         
Z9,SRTRANSFIN,Sec Red NCD 9.7% Sr.VII,07/08/2021, , ,05/08/2021, , ,INTEREST PAYMENT         
ZD,SRTRANSFIN,Sec Red NCD 8.52% Sr.I,15/07/2021, , ,14/07/2021, , ,INTEREST PAYMENT         
ZD,SRTRANSFIN,Sec Red NCD 8.52% Sr.I,15/08/2021, , ,12/08/2021, , ,INTEREST PAYMENT         
ZE,SRTRANSFIN,Sec Red NCD 8.66% Sr.II,15/07/2021, , ,14/07/2021, , ,INTEREST PAYMENT         
ZE,SRTRANSFIN,Sec Red NCD 8.66% Sr.II,15/08/2021, , ,12/08/2021, , ,INTEREST PAYMENT         
ZF,SRTRANSFIN,Sec Red NCD 8.75% Sr.III,15/07/2021, , ,14/07/2021, , ,INTEREST PAYMENT         
ZF,SRTRANSFIN,Sec Red NCD 8.75% Sr.III,15/08/2021, , ,12/08/2021, , ,INTEREST PAYMENT         

